,keyword,cosine_score
27,액션,0.3419123
12,능력,0.30903226
17,지능,0.2991075
20,에이전트,0.29822487
23,클론,0.28379816
25,살인,0.28148156
15,비밀,0.25820142
9,타깃,0.2428842
2,탄생,0.24260518
19,조직,0.24193126
8,병기,0.23765397
26,자신,0.23735416
18,공학,0.2101787
16,완벽,0.20946972
3,전,0.20275567
21,그,0.19448635
5,흔적,0.18789399
1,감정,0.18488206
24,거대,0.17318511
11,스피드,0.17242578
13,활용,0.16581327
7,업그레이드,0.14501798
22,수,0.14387542
0,인간,0.10820344
28,제거,0.099479064
6,유전,0.090706065
10,군단,0.08562475
4,체력,0.07182541
