,keyword,cosine_score
14,진의,0.37217894
19,악몽,0.36235812
18,진,0.36163363
9,꿈,0.3277734
16,몽유병,0.31305528
15,란,0.30782396
1,그녀,0.27630082
13,친구,0.22056317
27,의지,0.20758036
12,사건,0.19952936
26,자신,0.19732961
7,속,0.19156736
25,약속,0.17640853
28,사실,0.17174503
2,존재,0.16700016
22,이상,0.15535101
24,스스로,0.15300733
20,가지,0.14026508
0,상태,0.13917854
23,그,0.138424
4,부탁,0.13348888
5,때문,0.12631832
11,행동,0.12145361
29,그곳,0.10450731
8,컨트롤,0.10114032
6,사랑,0.0921831
10,여자,0.08821343
21,수,0.08405515
17,현장,0.07183794
