,keyword,cosine_score
14,혈투,0.5188026
7,대결,0.40799654
4,마약왕,0.39407447
8,질주,0.32013446
20,슈퍼,0.28335866
0,시속,0.25336128
3,튜닝,0.2531491
12,멕시코,0.24198619
9,끝,0.2354317
13,사이,0.2343737
6,보안관,0.21893357
1,카,0.20726232
17,시간,0.19252825
15,그,0.19038098
16,생애,0.18830654
18,최악,0.18196227
10,분,0.17012678
11,헬기,0.112319715
2,국경,0.11224146
19,마을,0.11171283
