,keyword,cosine_score
16,애쉴리,0.38522428
11,남편,0.3529402
1,부고,0.33215684
21,마리,0.31810552
3,그녀,0.31305385
15,니콜,0.29762685
22,야생마,0.28244668
18,소몰이,0.2792549
29,호주,0.26154578
7,소떼,0.25736147
23,운명,0.2531365
9,충격,0.25028193
10,소식,0.23641373
6,새,0.23186825
5,연락,0.2162745
20,세상,0.20316821
4,신분,0.20314261
12,휴,0.20162581
19,잭맨,0.19324854
28,키드먼,0.19192404
26,그,0.1634359
0,영국,0.15971929
27,거대,0.15181611
17,시작,0.14444533
8,사랑,0.11007862
24,밖,0.10561842
13,땅,0.10357052
14,무리,0.08114695
2,농장,0.07612884
