,keyword,cosine_score
7,하치이야기,0.5472108
17,하치코,0.49748623
4,할리우드,0.42452687
1,영화,0.42267162
11,전설,0.40046418
5,충견,0.38917506
18,리메이크판,0.38878533
3,치코,0.38396576
19,실화,0.3549891
10,흥행,0.33336535
14,동상,0.32565385
22,기록,0.27824065
15,일본,0.2618565
8,노가타리,0.25845987
9,자국,0.22280622
0,역,0.21538205
6,시부,0.2027601
2,하,0.17490384
21,선풍,0.1640525
16,모,0.13014595
12,일,0.10194772
13,소재,0.098280765
