,keyword,cosine_score
6,전편,0.5369026
3,컨저링,0.51470375
1,전작,0.47509557
2,이야기,0.41838342
7,감독,0.38234335
4,인시,0.36817944
8,디어스,0.31084293
0,시작,0.306691
