,keyword,cosine_score
10,커플,0.33933985
12,조국,0.31745914
17,나라,0.2823382
15,사이,0.22218743
9,일상,0.22187814
5,부름,0.2191784
0,친구,0.1888978
1,그녀,0.18044868
6,개성,0.17489538
13,일,0.17195286
11,이,0.13484964
14,사랑,0.1266179
4,것,0.12562415
2,너,0.12538612
8,여자,0.12466736
7,여기,0.104644224
16,군대,0.07740766
