,keyword,cosine_score
2,도쿄,0.38710064
15,한국청년,0.38236138
22,이수현,0.3629946
0,일본인,0.3545126
17,일본,0.34931007
20,사람,0.2932889
14,감동,0.29138035
23,청년,0.27008468
1,기억,0.25794026
9,당시,0.23291695
21,한국,0.22356178
18,그,0.20594497
4,희생,0.19420233
16,이웃,0.17620796
12,년,0.15715337
6,나라,0.1442243
8,음악,0.14368813
3,지금,0.13068157
11,술,0.12540321
10,선로,0.119179435
19,운동,0.11748561
13,지하철,0.116992004
5,열도,0.115984365
