,keyword,cosine_score
17,친구,0.45336825
13,파티,0.43363896
12,우정,0.42225817
16,메간,0.3865018
1,졸업,0.32988524
8,비밀,0.30398408
3,죽음,0.28693828
7,그날,0.2602157
6,날,0.25544077
10,실종,0.23493025
5,이름,0.21762046
4,한자리,0.21538332
14,명,0.2074706
0,년,0.19735502
11,후,0.19537714
15,처음,0.18945116
9,이,0.1670387
