,keyword,cosine_score
6,이전학교,0.36215544
3,은희,0.34428918
5,공주,0.32078516
2,학교,0.3116176
20,카펠라동호회,0.27181217
7,학부모,0.2664916
19,노래,0.26234585
9,친구,0.21222055
16,실력,0.19884324
14,이전,0.15917099
8,아,0.13421236
11,한,0.11750068
13,난동,0.112545125
18,공,0.10810995
4,주,0.107298665
1,동영상,0.10435468
10,전학,0.09194918
12,여고,0.084589645
0,발견,0.08173528
17,것,0.0815439
