,keyword,cosine_score
8,레이첼,0.44643593
0,원혼,0.44188035
15,죽음,0.41343915
4,공포,0.4096481
5,영혼,0.37758878
1,에이단,0.34031168
11,저주,0.32717013
9,숨,0.29501647
14,것,0.2860255
19,의문,0.26485294
10,무엇,0.2602622
6,나,0.25249532
12,베일,0.24385253
2,공간링,0.21263504
16,수,0.21086931
7,시작,0.21012963
18,계속,0.20782998
17,실체,0.20759061
3,아들,0.1811381
