,keyword,cosine_score
4,탐정소,0.38488132
8,암호,0.35730946
3,수수께끼,0.3515663
24,코고,0.3505736
17,협박,0.33920962
18,코난,0.3331713
6,전화,0.28614604
15,해독,0.2773034
11,단서,0.25391796
14,란,0.24172635
7,경기,0.23441675
12,축구,0.21499969
16,일행,0.20543027
21,에,0.19499326
2,요청,0.1937318
23,사실,0.18552017
20,모리,0.18513185
10,도움,0.17258157
5,혼자,0.16707864
13,날,0.16379066
25,다음,0.15545353
1,폭파,0.14092001
9,시작,0.13492906
19,수,0.11893585
0,앞,0.1138441
