,keyword,cosine_score
14,힙합,0.46889353
10,악명,0.34877643
7,드레,0.3089175
3,옐라,0.30355927
1,문제,0.28589946
5,그룹,0.27880242
2,닥터,0.27268994
0,예술,0.2705322
6,역사,0.24185355
8,세상,0.23046194
4,그,0.22945923
9,결성,0.22621852
16,이,0.21589866
13,반기,0.20199743
11,큐브,0.1967359
12,아이스,0.18992797
