,keyword,cosine_score
2,분대장,0.5512721
1,임무,0.4967783
23,작전,0.43776196
13,제임스,0.39802882
3,이라크,0.38094348
6,킬존,0.37097016
8,폭발물,0.35634464
19,제거반,0.32344908
14,부임,0.32325187
12,남자,0.3062819
10,갈등,0.3006971
0,특수,0.2847039
18,수행,0.2835625
17,폭발,0.26688468
24,폭탄,0.26440415
7,행동,0.2628396
15,위험,0.2600189
20,이야기,0.2548611
5,도중,0.23944128
4,팀,0.23824935
9,사고,0.23542531
11,시작,0.21170487
21,시간,0.16205892
22,선택,0.16121213
