,keyword,cosine_score
10,토네이도,0.50814277
11,사투,0.38526028
9,실버튼,0.34426022
8,이야기,0.33852276
2,생존,0.30652735
1,발생,0.2998
4,용기,0.26799655
5,인간애,0.26386032
6,이,0.24950348
7,도,0.20747004
14,대,0.20606536
3,사람,0.19848561
12,토,0.17160873
13,마을,0.16831723
