,keyword,cosine_score
3,세계,0.28475946
14,파괴,0.27647913
7,임무,0.26490355
18,목격,0.25730318
6,도시,0.23727974
9,적,0.22700498
2,인류,0.22126792
20,정체,0.2113913
10,동시,0.2078764
5,공격,0.20117825
23,각지,0.19719836
1,하사,0.18806422
4,최대,0.1865401
16,시작,0.17720327
13,순식간,0.17287637
19,사상,0.16700615
24,이,0.16580063
0,차별,0.15461707
17,년,0.14702475
8,불명,0.14676939
25,사례,0.12444142
11,낸츠,0.12356866
21,자신,0.1166987
12,주요,0.11466565
15,부대,0.083608694
