,keyword,cosine_score
18,비극,0.41496515
7,사건,0.41073054
20,사투,0.39868677
16,위험,0.38908422
11,고슬링,0.38619298
5,충격,0.36733526
0,폭력,0.3646544
14,멀리건,0.35869268
9,남자,0.35434932
4,라이언,0.34729424
15,삶,0.34298083
17,그,0.34180892
19,드라이브,0.33881992
2,치열,0.32527596
21,자신,0.31149757
12,논란,0.3054773
8,캐리,0.30103612
6,본성,0.29567713
1,그녀,0.26299867
3,의미,0.24082774
10,숨,0.21708818
