,keyword,cosine_score
4,영화,0.42863056
15,부부,0.39231417
8,결혼,0.38390818
12,갈등,0.36913145
9,애정,0.36825752
11,아내,0.3665616
0,현실,0.3491627
26,장편,0.3412519
7,남편,0.3307983
27,냉정,0.3271042
18,삶,0.3151203
20,사이,0.29921854
22,교차,0.28606215
5,감독,0.28115457
21,동료,0.27467847
1,엄습,0.27287728
17,이,0.2648672
24,권칠,0.26304173
6,생활,0.2567275
19,일,0.24007528
29,직장,0.23754853
3,번,0.2370031
23,것,0.23023964
13,친구,0.23011985
16,이름,0.2240577
25,그,0.21191658
2,사랑,0.19960192
10,여자,0.19774005
28,말,0.18635051
