,keyword,cosine_score
3,수학자,0.3773268
15,천재,0.35836428
8,암호,0.28720272
0,드라마틱,0.2750054
6,세계,0.2732793
16,전쟁,0.2599235
13,실화,0.25173122
2,역사,0.21432754
10,사상,0.19235192
14,명,0.18332317
9,최악,0.1771183
5,해독불,0.1652204
11,대전,0.16297807
17,순간,0.15929034
7,목숨,0.15494262
1,시,0.0744092
4,차,0.070529945
