,keyword,cosine_score
1,내전,0.37621355
7,영화,0.34110814
5,사투,0.30625853
6,가족,0.25293314
0,탈출,0.24315181
8,남자,0.2333547
4,목숨,0.21653324
3,자신,0.08429742
