,keyword,cosine_score
15,감동,0.46466047
3,희망,0.45706224
1,절망,0.4461136
19,소원,0.4200306
22,가족,0.3898995
11,기적,0.3798923
8,사고,0.37711072
0,마음,0.36383247
4,상처,0.34529138
9,시작,0.3216415
21,이야기,0.30960518
23,가을,0.29919812
17,비,0.29513475
14,끝,0.29509807
5,몸,0.2904839
18,아침,0.28269777
6,가,0.27924913
10,대한민국,0.2667295
7,곳,0.26514763
16,일,0.25781828
20,수,0.24284467
13,아저씨,0.23887318
2,학교,0.23513359
