,keyword,cosine_score
8,미래,0.46906024
16,과학,0.3776608
5,인류,0.35814345
14,위협,0.35532907
10,혁명,0.35134923
0,예고,0.28332123
1,생존,0.27974233
2,년,0.2766903
12,오만,0.21987008
3,존재,0.2127105
13,잉태,0.18469173
4,수,0.18377191
6,것,0.16921845
11,귀환,0.16466266
15,만,0.14920285
7,인간,0.14325291
