,keyword,cosine_score
10,범죄,0.45879713
14,체포,0.38032266
5,라이언,0.3783397
23,악령,0.37700996
7,임무,0.3479017
27,위협,0.33233598
0,놀즈,0.2958551
6,레이,0.2870977
12,제프,0.28234744
19,세상,0.2589733
13,난폭,0.25682032
15,중간,0.23884253
3,세계,0.2272286
8,스,0.22301617
4,고,0.22267133
9,배치,0.21932974
20,현장,0.19654384
17,브리지스,0.18649349
11,살해,0.17387822
24,캅,0.17149529
16,파트너,0.16397418
25,사람,0.14651884
21,후,0.14137876
26,경찰관,0.12300418
22,닉,0.12099159
1,로이,0.11377326
2,인간,0.10239799
