,keyword,cosine_score
21,댄스,0.47918147
19,발레,0.43669236
24,챔피언쉽,0.40675437
5,영화,0.39844146
6,팀,0.3775586
4,맴버,0.34868515
22,우승,0.2933165
0,스트리트,0.28476003
13,도전,0.27352148
17,리,0.25987357
11,리더이,0.25820655
18,합류,0.25800163
20,연습,0.2523042
14,친구,0.24435437
16,영등위,0.24146205
7,곳,0.22883523
8,배신,0.21592173
1,칼,0.20982191
10,노력,0.203264
2,학교,0.18331924
12,공간,0.1816274
9,학생,0.16988868
3,사랑,0.16864564
23,이야기,0.15365484
