,keyword,cosine_score
11,자객,0.5269779
6,자객단,0.5194462
7,인질,0.38096255
9,살생,0.3150561
0,조선,0.26526442
19,숲,0.26071545
16,돈,0.26032984
13,건,0.23108569
17,사정,0.23028067
2,소문,0.23001349
5,속,0.22314803
1,시대,0.22075498
18,이,0.2124546
10,수장,0.1871372
14,일,0.18555784
8,자,0.16121711
12,날,0.13035072
15,인정,0.12561557
3,길,0.09908496
