,keyword,cosine_score
24,가족,0.47327524
14,이별,0.42455184
1,순옥,0.38789582
21,시한부,0.3611431
22,엄마,0.34505737
8,인생,0.30338347
0,마지막,0.30300543
4,딸,0.29913664
7,남편,0.28793174
15,뒷바라지,0.28498203
3,선물,0.24259207
17,씨,0.23604089
6,우리,0.21792138
12,나,0.20278119
23,준비,0.19714689
5,아무것,0.17904043
10,자기,0.17255682
20,철,0.17019555
25,봄날,0.14894995
11,방법,0.14753225
16,앞가림,0.13697162
13,모두,0.13478303
9,아들,0.13246828
2,사랑,0.12560016
19,판정,0.08662008
