,keyword,cosine_score
3,맥피,0.4739284
14,벨,0.44985378
2,남편,0.44143677
0,영국,0.43054914
11,군,0.41022253
13,삼남매,0.35546106
12,사촌,0.34731615
15,이,0.34078312
8,남매,0.33796996
7,시골마을,0.3242265
5,나날,0.314417
9,중,0.29275844
4,사,0.27608413
1,개구쟁이,0.26283863
10,대전,0.24012986
