,keyword,cosine_score
1,외계인,0.44536465
4,남아프리카공,0.3605982
5,요하네스버,0.30805093
6,지구인,0.27888963
9,수용,0.21203311
21,도심,0.17219576
12,프로젝트,0.15634589
10,외곽,0.14852251
8,시작,0.14597902
3,디스트,0.14433056
17,구역,0.14185552
15,불편,0.13308865
11,년,0.1270732
18,그,0.12701271
22,이,0.1182927
0,시착,0.11520374
14,강제,0.09090075
19,릭트,0.0906502
20,국,0.07168717
13,날,0.066411816
16,시설,0.05410464
2,주,0.02851643
