,keyword,cosine_score
26,매직쇼,0.5373359
19,마술,0.5175356
2,사기단,0.39653957
3,세계,0.36459726
7,무대,0.31761312
12,위기,0.3170513
25,완전,0.3119667
10,범죄,0.270822
18,세상,0.26113546
16,카드,0.24053913
5,전,0.23778927
27,함정,0.23595564
6,컨트롤,0.23560885
11,절명,0.23452407
15,년,0.23420033
20,통쾌,0.2310037
8,명예,0.23051289
4,팬,0.20225742
9,적,0.19776896
24,수,0.19661215
22,절체,0.16281079
23,그,0.14884195
13,시작,0.14098799
17,회복,0.13619867
14,컴퓨터,0.12167238
1,앞,0.0894686
21,보고,0.07197411
