,keyword,cosine_score
3,쿵후팬더,0.53544676
0,쿵후팬,0.52264595
17,진바오,0.4395442
8,위험천만,0.43544236
1,마왕,0.40480107
5,겁,0.3935477
19,영웅,0.38145676
18,모험,0.37092215
12,세상,0.36620212
14,진,0.36067122
9,전설,0.3557167
4,대륙,0.3282258
13,위험,0.31469342
15,불면,0.31258094
2,탄생,0.27263382
10,리,0.22130194
20,사실,0.2180712
16,수,0.180392
6,시작,0.17867592
7,친구,0.15858957
