,keyword,cosine_score
11,로맨스,0.49679822
5,작가,0.392852
4,스타,0.34513324
14,노처녀연애,0.34364796
7,작곡가,0.33488148
16,나,0.3076086
10,밀당,0.28969908
6,초짜,0.28366888
8,생애,0.26708338
3,년,0.26557696
0,총각,0.23944393
15,집,0.23555183
13,사랑,0.23054413
9,이제,0.22849952
12,노,0.19064553
17,말,0.18383688
1,고수,0.1771223
