,keyword,cosine_score
2,역,0.5028222
5,노숙자,0.49795341
14,재난,0.4814359
4,도시,0.46130556
12,관문,0.39211538
10,상황,0.38849208
0,서울,0.38754025
15,일대,0.3563531
11,중심,0.3502108
1,급속도,0.3431902
3,명,0.3288737
7,대한민국,0.31897074
18,전체,0.30156225
6,시작,0.29399806
13,이상,0.28736427
17,작품,0.27386656
16,증상,0.23628049
8,아비,0.21908079
