,keyword,cosine_score
20,간음,0.47015885
18,살인,0.4454503
10,사건,0.4078674
1,그녀,0.39858282
3,연쇄,0.37808427
15,여대,0.37549794
9,미모,0.31974697
13,사슬,0.30477124
17,주변인,0.30105335
11,눈치,0.28873926
0,본색,0.28587198
19,계기,0.2771901
2,존재,0.2723353
6,서로,0.26273358
14,각자,0.2370348
7,살해,0.19762447
4,먹이,0.18927199
12,시작,0.17741016
16,결벽,0.17303452
8,도청,0.15186986
