,keyword,cosine_score
4,살인,0.40825504
3,용의자,0.35660547
8,범인,0.354566
7,사건,0.35056704
2,이태원,0.33125657
10,사체,0.305466
0,년,0.15531372
6,전,0.15055095
1,명,0.13989532
9,스릴러,0.06449724
