,keyword,cosine_score
12,첫사랑,0.48418748
5,천국,0.35378197
20,가슴,0.33781123
1,희망,0.32105803
0,마지막,0.28800645
11,투병,0.27979958
21,민규,0.25874856
4,미,0.2508464
19,엄마,0.24947649
15,중,0.24546565
13,암,0.2452139
2,사랑,0.24342108
16,평생,0.23267992
7,곳,0.23034914
8,지욱,0.22608234
10,아내,0.2241294
9,문,0.22355255
17,수,0.21459645
18,사람,0.2104128
6,할아버지,0.20887533
14,이,0.20498782
22,지상,0.18828917
