,keyword,cosine_score
21,방태식,0.5547679
23,취업,0.4616269
6,성공기,0.43685254
15,방가,0.41031876
3,부탄인,0.37942538
4,변신,0.3663137
9,글로벌,0.34734
13,우돌,0.33324713
29,분투,0.33148265
25,코믹,0.32953212
14,낙방,0.3286135
22,성공,0.3255497
28,동남아,0.32273397
19,최강백수,0.31733558
26,자랑,0.31012273
8,백수,0.29608732
11,무한,0.2912481
5,외모,0.28408635
10,굴욕,0.27632537
16,좌충,0.2752878
7,최강,0.26547623
1,시대,0.2514201
17,정복,0.24365896
18,시작,0.2417843
20,삘,0.24019645
12,타이틀,0.22929978
24,지존,0.21732184
27,완료,0.1991748
2,내,0.14970946
