,keyword,cosine_score
6,사람첫사랑,0.5767509
10,재회,0.43285507
14,이별,0.37911052
13,추억,0.37736943
21,시절,0.3658919
8,서로,0.3598941
26,시간,0.30552244
3,감정,0.30196992
20,순간,0.28702068
7,우리,0.25642648
15,년,0.22584184
16,날,0.19782922
24,슨,0.19222277
11,사고,0.1890901
5,등학교,0.18101907
9,전화,0.1720115
27,첫눈,0.16417259
4,사랑,0.1636719
19,아만,0.16060525
17,당신,0.15693304
0,도슨,0.14839286
25,통,0.14770566
1,다,0.14670104
18,예상,0.12953368
22,사람,0.12768513
23,수,0.123867944
2,도,0.115719214
