,keyword,cosine_score
26,아가씨,0.42081887
0,그녀,0.3564086
1,잡지사,0.34138906
22,블룸우드,0.33498162
14,여성,0.32977518
21,뉴욕,0.27599773
8,레베카,0.26914555
6,꿈,0.2535045
7,취직,0.23376088
19,재테크,0.21666127
25,패션,0.21151713
10,소비,0.19395575
4,기회,0.19100079
5,우연,0.18967351
23,자신,0.18850929
27,직장,0.18736444
16,일,0.13827537
18,데,0.13432582
9,노력,0.1278714
2,과거,0.115984626
13,외,0.11244525
11,점,0.11036445
20,것,0.08935243
24,계열사,0.07284476
15,쇼핑,0.068376236
3,사랑,0.06395073
17,중,0.062351972
