,keyword,cosine_score
14,결혼식,0.55382335
8,결혼,0.51579034
16,웨딩,0.4742841
5,라이벌,0.42338932
21,엠마,0.38727498
9,플래너,0.30402216
3,변호사,0.30390474
24,사이,0.29905167
17,상황,0.29244512
0,죽마,0.29094803
25,시절,0.2897635
20,성공,0.27210307
22,상상,0.27077326
12,친구,0.2679962
1,변신,0.2649872
19,예상,0.25366113
4,구체,0.24903014
15,날,0.23774092
10,선생,0.22574368
11,세,0.19685592
26,실수,0.18767689
2,학교,0.18230717
6,최고,0.17921872
23,리브,0.1754734
7,행복,0.17517681
18,방향,0.17367627
