,keyword,cosine_score
9,솔트,0.3757808
2,공작원,0.36810476
24,도주,0.33015996
14,정보원,0.31233352
22,요원,0.3103875
4,포위망,0.3025768
0,그녀,0.29243618
15,안젤리,0.29241422
21,음모,0.28303334
3,졸리,0.2801152
12,에블린,0.277665
13,첩자,0.2768777
6,남편,0.26244348
8,조국,0.21191531
10,보호,0.20041817
5,명예,0.19982444
23,동료,0.19410576
18,지목,0.18029575
17,러시아,0.1560031
1,동안,0.13519078
7,동원,0.13062602
16,기술,0.124151826
11,누구,0.11830735
19,중,0.11748086
