,keyword,cosine_score
4,케이트,0.52217853
0,그녀,0.43208998
8,능력,0.38721865
22,매니저,0.36019808
7,일생일대,0.3005128
19,수,0.27455768
24,펀드,0.27255857
3,찬스,0.27160478
21,자신,0.26333457
5,글로벌,0.26104143
11,나날,0.26042116
13,일,0.25415307
18,사람,0.24636443
9,호의,0.24611291
6,롤러코스터,0.24386725
16,훈남,0.23585145
14,인정,0.23374881
2,감탄,0.23040444
15,클라이언트,0.22556785
17,본사,0.22545151
20,뉴욕,0.21754432
1,정신,0.21207267
12,날,0.17135042
10,프로젝트,0.15943804
