,keyword,cosine_score
19,자서전,0.54402864
1,고스트,0.5285585
18,음모,0.37579134
14,유령,0.36203474
7,작가,0.34347457
17,배후,0.31690326
20,죽음,0.30734783
0,영국,0.3025953
25,선임자,0.29842496
3,아담,0.29334617
13,진실,0.28202927
8,사고,0.27278218
11,자살,0.27038896
2,발견,0.25577867
21,거대,0.24131937
15,무엇,0.23609683
24,간,0.20059623
16,국가,0.19681992
12,단서,0.1933667
10,시작,0.18408614
6,수상,0.18116659
5,실마리,0.1797478
4,작업,0.17565648
22,실체,0.12141756
23,추적,0.11345581
26,랭,0.11085996
