,keyword,cosine_score
18,자서전,0.5315895
0,베스트셀러,0.3928162
23,실화,0.32762396
24,영웅,0.31288373
15,전쟁터,0.3019215
9,원작,0.3009351
26,기록,0.29193997
20,저격수,0.28271022
22,이야기,0.2801516
1,역사,0.2789529
25,인물,0.26083425
13,뉴욕타임즈,0.2116941
19,죽음,0.20537785
12,남자,0.20061985
14,삶,0.20043504
5,미국,0.2001889
11,적군,0.18051144
2,판매고,0.17104521
3,치명,0.1679267
10,아군,0.14559568
7,주간,0.13175683
8,악마,0.1193558
6,위,0.11052774
17,부,0.09747681
27,부문,0.09483499
4,가운데,0.081030264
21,이상,0.06446904
