,keyword,cosine_score
17,공룡,0.5473866
27,쥬라기,0.49525905
4,탄생,0.336726
2,진화,0.32528242
19,월드,0.281117
1,인류,0.2765433
10,압도,0.2742422
14,세상,0.23828122
26,위협,0.2293395
15,지능,0.20922893
13,년,0.19128463
5,최대,0.18880808
0,유전자,0.17625202
22,그,0.15435392
11,하이,0.13776371
20,것,0.12885186
28,지상,0.12519208
25,브리드,0.12427878
16,지,0.116688535
24,최악,0.1152763
12,시작,0.11079998
23,조작,0.09168568
21,통제,0.09099245
6,공격,0.07545154
8,테마파크,0.07477621
18,공원,0.061606094
7,자리,0.036449566
9,문,0.017485203
