,keyword,cosine_score
4,가족,0.4811747
5,집,0.4586776
2,공포,0.44802243
6,영화,0.34922445
3,이사,0.32100025
0,이야기,0.25187978
