,keyword,cosine_score
28,방주,0.4401064
5,홍수,0.37361035
24,거대,0.28241032
14,세상,0.27428007
11,유일,0.26406616
8,크로우,0.2583543
12,계시,0.25734845
13,생명,0.25209445
18,신,0.25087193
15,삶,0.23707156
3,뿐,0.22893293
0,존재,0.21534136
20,드라마틱,0.20667961
26,가족,0.19623223
21,그,0.19191442
16,암수,0.17915176
7,의견,0.16332321
27,인물,0.16192237
22,수,0.1553134
29,이,0.15378544
9,러셀,0.15133378
2,인간,0.1504969
23,사람,0.14327078
10,시작,0.13810563
6,대립,0.13656655
19,조롱,0.13304408
17,노아,0.12902115
1,타락,0.12053582
4,쌍,0.10676955
