,keyword,cosine_score
23,카지노,0.3696602
4,베네딕트,0.34849042
9,금고,0.34146595
6,일당,0.32935014
0,오션,0.32737267
13,년,0.31109774
16,원금,0.31100935
3,이자,0.29026756
17,상황,0.28843707
15,달러,0.27728787
12,거물,0.27178866
1,과거,0.26398867
2,라스베가,0.2634015
8,멤버,0.25407696
14,내통,0.2532628
21,약속,0.25021607
22,이야기,0.24869917
5,스,0.24152212
7,노력,0.21881238
20,후,0.20717058
18,중,0.18245736
19,거액,0.17364192
11,청산,0.12998316
