,keyword,cosine_score
4,특공대,0.44094124
9,작전,0.4222498
8,팀플,0.34643948
5,안티히어,0.3009374
11,최악,0.28969824
14,팀워크,0.27723518
17,우주,0.26031154
15,자살,0.24793684
10,최강,0.2328566
12,성공,0.22757858
6,죽,0.20403136
0,최고,0.18223286
16,레이,0.16468702
3,런,0.16333829
1,대책,0.16324258
13,기대,0.16254397
2,가능,0.1444028
