,keyword,cosine_score
10,앨범,0.47277373
6,다큐멘터리,0.35139957
2,기록,0.30078965
3,정규,0.24340984
7,활동,0.20899412
0,과정,0.1830611
1,서태,0.17452362
8,집,0.15070343
5,지,0.13622336
4,날,0.1337344
