,keyword,cosine_score
27,알프스,0.44852108
12,수도원,0.36132875
11,계곡,0.3603834
6,영원,0.35329333
15,깊이,0.29548833
20,해발,0.28890133
25,그곳,0.25027785
3,일상,0.24507643
23,시간,0.23905167
17,간직,0.23109844
5,속,0.22391883
19,별,0.22180787
4,세계,0.21652639
0,여행,0.21198848
2,마지막,0.19310507
13,공간,0.19224453
22,그,0.17877525
1,달,0.1479167
18,해,0.14043617
7,우리,0.13591719
10,카르,0.13583103
28,이,0.12159204
14,누구,0.109057575
26,처음,0.10412581
24,반복,0.09750198
16,침묵,0.09232059
8,계절,0.08750939
21,고요,0.087102875
