,keyword,cosine_score
14,액션,0.5302118
17,태식,0.5100454
10,함정,0.41813406
3,반격,0.40723723
15,해결사,0.3946175
7,살인,0.3843268
16,누명,0.37375078
5,상대,0.3641901
12,발휘,0.3622169
8,폭풍,0.3334738
11,본능,0.32425058
4,설경구,0.30646563
6,완벽,0.25881088
13,해결,0.25219822
9,분,0.25205183
2,적,0.24502419
1,시작,0.2211768
