,keyword,cosine_score
9,사건,0.32229775
21,비극,0.2956971
0,그녀,0.295497
18,여검사,0.26977995
19,죽음,0.20831141
15,세상,0.19216529
17,연예,0.18747291
10,사회,0.18027125
13,진실,0.18009725
2,분노,0.1753616
23,싸움,0.17373002
20,권력,0.1609734
16,기자,0.14706835
14,부당,0.1217171
22,거대,0.09819367
7,정의,0.09688897
5,희생,0.08160476
6,우리,0.07034455
25,집단,0.050231263
8,상식,0.04837567
11,시작,0.047404625
12,모두,0.028362066
1,앞,-0.0115104355
4,조리,-0.021941166
24,추적,-0.06762339
