,keyword,cosine_score
23,로맨스,0.44741067
7,유혹,0.44203457
9,매혹,0.42551216
18,운명,0.41321284
15,장미,0.40101334
0,갈망,0.37225166
17,저주,0.3499777
21,야수,0.33283752
22,밤,0.32700524
4,심장,0.32217598
20,그,0.3130209
19,송이,0.302628
5,벨,0.29687795
14,칠흑,0.2869231
12,거래,0.28196323
16,위험,0.27947357
2,폭풍,0.27222747
6,그것,0.26791665
1,예기,0.2523576
3,사랑,0.24555509
13,시작,0.24155076
11,판타지,0.20486052
8,순수,0.16771725
