,keyword,cosine_score
11,상대,0.4935107
9,액션,0.46700904
2,반격,0.40184167
7,요원,0.29263103
5,본능,0.27599442
3,특수,0.26158795
0,엘리트,0.25590724
1,이,0.20956725
8,시작,0.20556496
4,폭풍,0.19322594
6,지,0.1635645
