,keyword,cosine_score
3,마음,0.42368582
4,철민,0.39077538
18,사람,0.3644978
6,그대,0.35034555
0,그녀,0.34366885
8,상처,0.33738044
2,복서,0.3366062
16,선명,0.303778
19,얼굴,0.2970913
5,때문,0.29299808
20,시간,0.2885261
13,나,0.28641906
1,시력,0.2840741
14,남자,0.24894565
7,사랑,0.24197197
10,여자,0.23926857
9,정화,0.21742798
15,박스,0.21067853
12,꽃,0.19667128
11,주차,0.15985686
