,keyword,cosine_score
6,스노우,0.4249912
25,고릴라,0.38912803
0,악당,0.332289
11,귀요미,0.319628
14,친구,0.31027615
21,루크,0.25642613
10,신비,0.23833963
20,세상,0.23741671
23,이트,0.22769186
3,외모,0.22270302
1,스페셜,0.21596049
22,사이,0.21200871
16,샘,0.19603556
19,힘,0.18917389
2,대작전,0.17188725
4,때문,0.1663059
26,따,0.15995346
15,유일,0.13983275
5,화이트,0.13644107
17,기적,0.13472249
9,더,0.12924284
8,화,0.12501459
27,레드팬,0.113479435
13,시작,0.11008665
24,수,0.1081746
7,마녀,0.088663384
18,아저씨,0.08864881
