,keyword,cosine_score
10,조너스,0.3699528
14,사회,0.23915659
17,전쟁,0.22285567
12,평화,0.22181898
0,차별,0.18926126
6,감정,0.18387842
19,이야기,0.18199702
8,희생,0.17737176
4,기억,0.17267963
9,대,0.16618878
7,속,0.14446585
20,선택,0.13472113
15,스터,0.1339785
3,존재,0.1168841
18,시스템,0.11269314
16,완벽,0.10396288
2,진짜,0.102214694
11,고통,0.08458198
1,여행,0.060639925
5,블록,0.03451685
