,keyword,cosine_score
8,타요,0.36311644
1,에이스,0.33902314
17,타,0.24051605
5,나라,0.2373465
2,여왕,0.23536742
6,두리,0.22140099
0,발견,0.19602
7,스,0.19582388
18,이,0.19407058
4,과,0.19143826
11,요,0.18430722
10,친구,0.1654422
14,수,0.16455352
15,에,0.14775774
13,것,0.1441447
16,그곳,0.10825074
12,날,0.07761769
9,나,0.07647001
