,keyword,cosine_score
10,마술사,0.5786927
26,매직쇼,0.57209283
12,호스맨,0.35756135
17,범행,0.34525338
3,세계,0.33893943
7,무대,0.3350504
27,포,0.3349126
25,거대,0.31820464
20,성공,0.3102853
9,범죄,0.30799848
24,완전,0.29474592
19,관객,0.28450608
23,파리,0.270774
21,통쾌,0.26703554
16,년,0.25601608
22,통째,0.25595436
5,전,0.25561565
1,이목,0.23108554
4,초,0.2231384
14,길거리,0.21948594
13,이것,0.2026097
0,시선,0.18673897
2,뿐,0.1829634
28,비자금,0.17834911
15,시작,0.1716987
6,은단,0.16835283
11,만,0.15467982
18,은행,0.1532254
