,keyword,cosine_score
4,콘서트,0.5904086
9,인피니트,0.5378712
5,무대,0.47504205
6,공연장,0.41814792
22,퍼포먼스,0.33716035
1,팬,0.33507657
12,앵콜,0.33442688
15,감동,0.31146246
8,열기,0.3051126
16,박력,0.2918943
13,군무,0.26462674
0,서울,0.24079333
11,무장,0.2219395
7,경기장,0.21641068
3,때,0.21139365
10,남자,0.18498063
18,올,0.17568517
17,공원,0.17211875
19,체조,0.17143016
20,픽,0.16640359
14,일,0.15911554
21,월,0.12499602
