,keyword,cosine_score
7,찰리,0.43868643
11,동생,0.3286578
0,그녀,0.30349815
9,테스,0.30047935
14,샘,0.27922764
10,양,0.24372032
3,마음,0.23014534
13,이날,0.22070655
12,영혼,0.21196225
16,여인,0.2118006
23,그,0.21051024
22,약속,0.21000649
26,교통사고,0.19687
24,미래,0.18782371
25,밤,0.18607447
20,요트선수,0.1858531
4,사랑,0.18030013
15,이후,0.17721346
19,유망,0.1763937
5,전,0.16178188
17,세상,0.15555231
18,석,0.15153211
6,채,0.12894917
2,앞,0.1263893
27,매력,0.12454849
21,수,0.12195218
1,포기,0.11745502
