,keyword,cosine_score
6,살인범,0.3428198
4,죽음,0.328507
11,가족,0.3070691
12,아픔,0.30386168
10,상처,0.22864324
2,그녀,0.21802251
14,살,0.18972203
5,이후,0.16597447
13,치유,0.16406828
3,년,0.1448774
7,서로,0.12516917
8,모습,0.10866148
15,배경,0.098777406
0,시선,0.08539592
1,소녀,0.016394407
