,keyword,cosine_score
19,기숙학원,0.48773363
17,학원,0.43974376
7,공포,0.2971484
12,재수,0.2651851
3,성격,0.25982058
4,화재사건,0.2471572
21,분위기,0.24195458
6,문제,0.23938154
5,생활,0.23010176
8,성적,0.22241062
2,명,0.21795332
14,여학생,0.21637574
24,예전,0.192137
10,시작,0.18685192
22,사이,0.17249596
1,전,0.1689802
13,숨,0.16811715
18,일,0.16496383
15,년,0.15860304
16,금,0.14826833
0,보람,0.13758376
25,유진,0.1349541
11,적응,0.1308736
26,등,0.13044238
23,은수,0.12795427
27,한방,0.11195496
9,전용,0.07669807
