,keyword,cosine_score
21,납치,0.3683367
16,크래시,0.36416954
13,핀타,0.3406968
2,분노,0.3052236
5,딸,0.27282816
9,덴젤,0.2719992
1,자책감,0.27011952
6,다코타,0.2684625
25,핀,0.25453803
22,그,0.2329391
15,보디가드,0.23055467
8,자기,0.21878691
12,결국,0.21851906
24,의뢰,0.2156355
20,사이,0.21528742
26,자신,0.21209654
17,일,0.21006787
28,타,0.2098064
10,패닝,0.20827153
11,보호,0.20444134
14,퇴역,0.19739905
4,부자,0.19645831
19,멕시코,0.19223471
7,방심,0.18748094
3,의무,0.18049955
27,사실,0.16674899
18,후,0.13687581
0,수락,0.10129437
