,keyword,cosine_score
12,럭비월드컵,0.5603294
11,럭비,0.50714236
10,실화,0.4032442
9,넬슨,0.36699188
2,만델라,0.31572878
8,승리,0.29537255
7,감동,0.2452913
3,팀,0.23154807
5,약체,0.20714676
1,년,0.20257065
0,기적,0.20200753
4,최,0.12415871
