,keyword,cosine_score
13,하정우,0.5129382
21,배우,0.3611982
1,공블리,0.35199755
9,버라이어티,0.30883998
25,말,0.30423763
0,물귀신,0.3007859
4,명,0.29040518
24,리얼,0.28053766
18,공효,0.2792921
14,장장,0.27358204
7,얼떨결,0.26383927
20,진,0.25050628
23,작전,0.24639523
11,정,0.20883623
6,하,0.20023496
2,서울,0.18864788
22,한마디,0.18746474
15,해,0.17414927
8,우,0.16655354
19,국민,0.15242964
5,남,0.15215413
3,순도,0.14614284
17,프로젝트,0.12999846
16,개성,0.123397335
12,공효진,0.11830131
