,keyword,cosine_score
4,오싱,0.48400414
5,희망,0.42496184
8,가족,0.38469303
6,감동,0.37423778
9,밥,0.37179506
2,나이,0.3453275
11,살,0.3439194
10,눈물,0.32974148
7,실화,0.32090536
3,일,0.30873793
1,선물,0.28739658
