,keyword,cosine_score
9,사건,0.46118358
7,범죄,0.4542628
29,유괴범,0.45169246
4,범인,0.39826196
26,형사마,0.34687623
18,순간,0.33712453
5,종적,0.32346594
2,전,0.29999116
14,년,0.29299295
8,할아버지,0.27678472
10,꽃,0.26967672
13,미제,0.2665259
1,결정,0.26511753
6,인생,0.22744793
22,그,0.22619252
19,송이,0.21347319
16,후,0.20080495
17,현장,0.19814348
25,엄마,0.1955604
3,며칠,0.19182038
23,손녀,0.18990165
15,일,0.18452051
20,눈,0.1768848
0,앞,0.1720021
27,되풀이,0.17135027
28,반복,0.16761495
21,동일,0.15333092
24,공소,0.11307067
12,시효,0.102184966
