,keyword,cosine_score
17,걸작,0.38569617
23,뮤즈,0.34140652
10,하녀,0.29643294
18,귀걸이,0.27505714
4,속,0.2524092
12,세기,0.25240326
7,불가사의,0.23737347
9,뒤,0.23394337
14,화가,0.2316046
0,듯,0.22297648
2,치명,0.22245544
8,진주,0.214273
20,그,0.21342833
22,수,0.19190045
3,사랑,0.18606001
24,억압,0.18309388
16,미소,0.17978084
1,주인,0.16938786
21,이상,0.16468701
15,델프트,0.15780914
25,네덜란드,0.1464759
11,소녀,0.1459915
5,유화,0.14485618
13,리,0.1314517
6,북유럽,0.1249108
