,keyword,cosine_score
28,해적왕,0.48911902
8,해적단,0.44383466
10,밀짚모자,0.35352203
24,항해,0.3403872
15,금사자,0.3370486
19,납치,0.32221282
3,하늘섬,0.31777728
11,섬,0.29382712
4,바다,0.2771901
12,전설,0.2681355
16,약육강식,0.25279316
0,괴상,0.24084648
5,악명,0.22346629
14,동물,0.21805891
26,정글,0.21665528
6,시키,0.19375567
7,최고,0.17982963
17,동료,0.17599754
21,이상,0.16654545
20,그,0.15536588
22,수,0.15202852
13,끝,0.13871393
1,단원,0.1322755
23,전투,0.12830889
25,포함,0.1032818
9,해적,0.091251135
27,루피,0.090737335
18,나미,0.08950173
