,keyword,cosine_score
20,연애,0.61366564
24,짝사랑,0.46047384
26,연하남,0.37537044
10,남녀,0.3421368
19,연우,0.30191243
13,하경,0.27789423
8,이연희,0.27744508
25,경험,0.26662314
21,용기,0.25099427
4,상대,0.2404147
7,강숙,0.23882605
23,이야기,0.23428997
28,유지태,0.23101228
11,시작,0.22015855
16,상상,0.21936283
6,특별,0.21298565
9,정,0.21204175
18,순간,0.20950022
14,예상,0.20590645
0,때문,0.19603512
1,거리,0.19366145
5,채,0.17895141
2,강인,0.1757693
27,살,0.16758083
12,여고,0.1558685
15,수영,0.15575138
3,전략,0.15513203
22,안,0.14241219
