,keyword,cosine_score
8,바다,0.5728955
25,해양,0.5008384
5,경이,0.3486383
17,신비,0.33014208
9,환상,0.32698792
7,세계,0.31729504
19,여름,0.29437238
13,호기심,0.29193237
26,우주,0.28929597
0,여행,0.28539205
1,지구,0.2753212
22,즐거움,0.24322212
6,여러분,0.23701161
21,생물,0.21289715
2,다,0.20216013
20,당신,0.19128282
3,존재,0.18641992
14,우리,0.1638909
11,전,0.15010653
10,속,0.14661525
16,자극,0.13204153
24,차지,0.1058231
12,번,0.10156816
23,눈,0.09936246
18,바,0.09847654
4,앞,0.08988632
