,keyword,cosine_score
0,악당,0.36680287
23,그루,0.31812894
2,달,0.2612185
24,고아원,0.24856725
6,세계,0.19959626
14,루,0.19419536
5,주인공,0.18754065
18,기상천외,0.17921913
16,세상,0.17653659
17,일,0.17606294
10,장비,0.13073134
12,최고,0.12513451
21,사람,0.11563764
22,수,0.100393504
20,그,0.099970505
19,것,0.095896
11,나라,0.09400889
9,그것,0.08468537
8,번,0.060893767
1,대표,0.057921145
3,마음,0.048712857
7,사랑,0.023120668
4,명소,0.014904682
15,소녀,0.014038524
13,변화,0.0018515661
