,keyword,cosine_score
17,런던,0.4146483
9,순경,0.4082805
2,경찰,0.37519267
16,드포드,0.37003386
19,대니,0.34763592
3,니콜라스,0.3391654
8,범죄,0.32929903
6,좌천,0.3054508
7,순둥,0.29348147
18,비밀,0.25353026
27,액션,0.24856466
14,섭렵,0.24838634
21,그,0.24370864
0,드포,0.24370831
15,이면,0.24320373
10,곳,0.235639
5,영화,0.23169401
12,평화,0.20761476
25,발령,0.18743458
22,드,0.18093635
26,이곳,0.18091409
1,제로,0.18027493
20,이유,0.17026699
23,하루하루,0.1563769
4,샌,0.11592609
11,시골,0.1153058
24,마을,0.11425868
