,keyword,cosine_score
18,성폭력,0.4117323
5,학대,0.3788975
13,청각장애아,0.37830725
6,사건,0.3703355
17,장애인학교,0.347964
8,진실,0.34242392
4,교사,0.29744825
15,이야기,0.2908654
12,교장,0.29065984
7,청각,0.2654576
10,년,0.21935284
9,대한민국,0.19419505
2,실제,0.18693134
11,인정,0.15721703
14,수,0.14553098
16,시간,0.14523111
0,마음,0.14063999
1,인간,0.1323257
