,keyword,cosine_score
9,니콜,0.51542985
24,수배자,0.36011833
27,콜이,0.35121092
17,기자,0.2895813
8,결혼,0.27209085
13,현상금,0.26616913
11,주머니,0.25053972
2,그녀,0.24063659
14,사냥,0.22833683
15,새출발,0.22245695
26,사정,0.21892627
0,일념,0.19768235
28,이,0.1968942
23,그,0.1929716
25,자신,0.1873118
4,분투,0.18279901
19,악몽,0.18279058
1,니,0.17184567
21,고군,0.17010322
3,고민,0.16166583
10,모습,0.15850353
22,것,0.15251938
6,듯이,0.15158318
7,생활,0.12783241
16,날,0.12381576
5,앞,0.11480067
18,거액,0.10324547
12,추격,0.07962816
