,keyword,cosine_score
8,캐서린,0.4415598
10,질투,0.36926624
11,클로이,0.36600715
14,관계,0.30711707
9,남편,0.3064568
4,감정,0.29657155
15,여인,0.2783206
6,유혹,0.27154988
24,혼란,0.2632038
3,의심,0.24796006
17,거미줄,0.24098656
23,가족,0.21273868
7,매혹,0.20713809
20,자신,0.20002171
2,부탁,0.19934468
21,이빗,0.19691376
19,그,0.18053538
12,누구,0.16970862
22,외도,0.16460086
18,것,0.15880965
1,동안,0.14405838
5,클,0.13309526
16,데,0.12019105
0,로이,0.093962006
