,keyword,cosine_score
6,대륙,0.49288577
8,해적단,0.38161215
0,지구,0.3782145
24,스크랫,0.3559316
18,운명,0.35530156
11,격돌,0.35323286
19,도토리,0.33115405
13,적수,0.32376662
3,바다,0.31647223
10,사고,0.29969728
25,매니,0.29699928
22,이동,0.2912594
5,대,0.28355646
7,곳,0.2795746
20,시,0.27693638
2,다람쥐,0.2758397
15,배,0.2687817
1,디,0.26576626
21,드,0.2594708
17,중,0.25940728
4,고,0.25864676
12,시작,0.23273627
9,집념,0.22096407
16,빙하,0.19549838
23,정처,0.18242061
