,keyword,cosine_score
20,마법거울,0.39043182
5,얼음,0.3615565
11,세상,0.33646527
18,남매,0.29556495
13,기상천외,0.29323134
3,궁전,0.28813547
21,아이스,0.28728518
22,모험,0.273867
2,여왕,0.25613764
15,카이,0.25605452
7,원정대,0.25472122
16,눈,0.24828674
4,환상,0.23964986
12,남동생,0.212614
14,저주,0.20082499
1,다,0.16353041
8,시작,0.13384879
9,유일,0.12603869
17,나머지,0.12068177
10,소녀,0.10823636
6,무기,0.10767631
0,겔,0.10751299
