,keyword,cosine_score
0,월스트리트,0.44086865
7,영화,0.42702544
5,탐욕,0.38003132
1,배신,0.34128964
3,복수,0.3289553
2,가족애,0.32164747
4,음모,0.22137176
6,내용,0.17015156
