,keyword,cosine_score
18,마법,0.38629028
23,저주,0.38048476
9,사악,0.36962497
14,공주,0.36596245
12,왕국,0.3493067
6,말레피센트,0.34012228
2,디즈니,0.34008712
8,치명,0.3369825
7,소용돌이,0.31374568
4,역사,0.28724766
1,수호자,0.28131709
21,왕,0.278279
22,오로라,0.2676182
19,세례식,0.264251
11,딸,0.26307064
16,바늘,0.23718657
24,전쟁,0.22713572
13,스테판,0.2259528
26,거대,0.22406732
10,속,0.20784727
25,수,0.20028257
3,잠,0.19643569
17,세,0.18678793
20,날,0.17462777
28,숲,0.15543485
15,마녀,0.14897242
0,물레,0.14449748
27,거부,0.10862878
