,keyword,cosine_score
1,좀비,0.44404882
6,로맨스,0.41080368
14,줄리,0.37379047
11,심장,0.31630725
3,홀트,0.2734467
0,기력,0.25453773
13,테레사,0.24611439
5,니콜라스,0.23966727
7,팔머,0.2317375
4,시작,0.2313528
8,사상,0.20960176
12,작품,0.20140047
9,후,0.18757153
2,소녀,0.18235476
