,keyword,cosine_score
24,연애,0.5480896
7,커플,0.41403404
12,서로,0.40034202
26,동희,0.35087028
1,다음날,0.3088733
14,시작,0.30780318
11,시도때,0.29222152
6,현실,0.26806235
10,때,0.2590115
9,전,0.2569258
22,동료,0.25606906
19,후,0.2474719
21,아침,0.23508438
5,원래,0.22661562
23,것,0.21902564
4,물건,0.2088219
0,직장,0.20551318
8,사랑,0.1966671
13,인터넷,0.17919277
27,말,0.17124267
17,쇼핑,0.1640795
15,미행,0.16176632
18,탐색,0.15626915
25,사람,0.15570562
3,애인,0.15197358
2,해지,0.14963646
20,요금,0.14960559
16,착불,0.14148831
