,keyword,cosine_score
6,피카츄,0.4134977
8,아라모스,0.39276177
19,배틀,0.37589198
10,지우,0.37363234
7,웅,0.3422194
11,대결,0.31552315
13,전설,0.3111475
14,디아루가,0.30819535
15,세상,0.30668005
2,최대,0.29940763
24,콘테스트,0.29758283
18,위험,0.2772274
16,지,0.26688117
27,그곳,0.26679242
26,합세,0.26245508
12,대전투,0.25357878
5,위기,0.24439424
3,막,0.23715723
1,환상,0.23588255
4,우,0.23468253
22,다크라이,0.23292957
0,과정,0.21745437
9,친구,0.21541016
21,펄기아,0.18905886
23,포켓몬,0.17412335
25,마을,0.17364484
20,이유,0.16662568
