,keyword,cosine_score
13,준서,0.49987358
18,지현,0.49516082
1,준,0.4533617
26,로맨스,0.44961393
9,애정,0.405155
21,포토그래퍼,0.35900947
16,이름,0.34379774
8,녀석,0.34193432
19,동료,0.32364365
3,마음,0.3224229
12,누구,0.3175134
10,미모,0.3037386
6,아빠라,0.2833947
15,분장사,0.28330025
20,공세,0.28323334
4,특수,0.27825534
0,손,0.2706132
14,시작,0.2675566
17,날,0.26232374
24,서,0.26181224
25,방해,0.25732568
7,사수,0.2519179
23,수,0.250241
2,앞,0.24940526
27,유,0.23175913
11,석자,0.21972936
22,커리,0.15135309
