,keyword,cosine_score
19,채인호,0.3988421
17,운명,0.31279433
8,남자,0.31026402
1,칼,0.29213047
12,치권,0.26701552
9,악랄,0.25719914
16,평생,0.2492873
13,삶,0.2436763
4,상대,0.23256567
11,맹세,0.23144543
3,남,0.2101073
5,목,0.19918334
0,그녀,0.1979935
15,후,0.18214211
10,년,0.17218354
7,시작,0.14779578
18,수,0.13413638
2,사랑,0.12664995
6,여자,0.109236225
