,keyword,cosine_score
10,집,0.37852
9,사건,0.37120733
2,일가족,0.3645406
7,소문,0.33442807
6,몰살,0.3144155
5,이야기,0.31408256
0,발생,0.28232163
4,방문,0.25597596
8,후,0.19538185
1,년,0.1942755
