,keyword,cosine_score
10,교도소,0.36690015
6,문옥,0.3322918
19,가슴,0.291178
8,사연,0.28881598
5,사형수,0.2814389
14,가족,0.27405673
15,감동,0.25303853
3,무대,0.24694246
16,정혜,0.24030086
17,입양,0.23930345
12,나문희,0.22360432
13,결성,0.20664379
11,개월,0.19752234
9,아기,0.19354934
18,이야기,0.18961176
21,이,0.1219309
0,김윤진,0.10797502
7,여자,0.10200874
4,채,0.095995694
2,사랑,0.089223675
20,등,0.088807
