,keyword,cosine_score
11,경매사,0.5417893
17,올드먼,0.45942155
16,미술품,0.45865926
3,예술품,0.429833
19,최고가,0.4260077
4,낙찰,0.3971403
2,고저택,0.38654634
6,제프리,0.34279883
7,인생,0.34035856
8,감정인,0.3167733
5,감정,0.31068408
0,가치,0.29325753
12,여인,0.28649437
10,세기,0.26603043
15,의뢰,0.2450804
9,변화,0.21869427
14,예상,0.21718466
13,완벽,0.18491104
18,은둔,0.13982344
