,keyword,cosine_score
5,미스터리,0.46969408
3,공포,0.3923247
6,충격,0.34450144
1,자매,0.34030014
7,시작,0.22808352
2,현상,0.22717655
0,케이티,0.11754978
