,keyword,cosine_score
8,할로윈,0.48616022
19,살인,0.4158455
10,로리,0.27189857
15,사이코,0.23364243
16,행각,0.22973967
21,살,0.22268103
1,정신,0.20298582
13,여동생,0.19344972
18,밤,0.1886226
2,이클,0.17844312
3,미국,0.1711682
9,살해,0.17052525
5,명,0.1672985
7,탈출,0.1658789
12,년,0.16417006
0,과정,0.1568552
14,후,0.14515753
17,마,0.12759572
11,병원,0.1233012
4,패스,0.09494969
6,수감,0.08736558
