,keyword,cosine_score
18,댄스,0.43430015
12,라스베,0.42005247
10,무대,0.41331854
14,쇼,0.39984113
3,최강,0.3689656
6,최대,0.35149002
2,세계,0.3202139
4,열정,0.27476195
21,올인,0.26358202
20,전부,0.2584458
7,기회,0.25449255
13,인생,0.25401446
11,꿈,0.22104724
19,것,0.21340883
16,시작,0.17830424
5,사랑,0.17496908
0,가스,0.16731098
1,틀,0.15879779
8,번,0.15522458
15,젊음,0.1511577
22,지상,0.15040743
17,배,0.14105658
