,keyword,cosine_score
6,로렌스,0.44444752
21,늑대인간,0.41898522
14,고향,0.38203192
17,괴수,0.35418713
18,배우,0.33224517
2,안소니,0.29445204
13,사건,0.29258507
10,공포,0.2817103
15,아버지,0.28092784
4,귀족,0.2704481
8,베네치오,0.25400835
12,동생,0.21762735
1,로,0.20061831
20,홉킨스,0.19115967
0,오랫동안,0.18207735
3,델,0.18007396
9,살해,0.16747344
19,수,0.14682269
7,공격,0.12913634
16,예상,0.118235715
23,활동,0.105203584
5,토,0.10391167
22,마을,0.10111302
