,keyword,cosine_score
9,바다생물,0.776675
10,바다거북,0.76836133
16,바다세계,0.7214118
0,바닷속,0.6591497
5,바다,0.65439683
15,바다소,0.60865754
7,고래,0.60540783
8,해룡,0.4995244
20,모험,0.4925148
3,익사이팅,0.37613347
1,멋,0.33918384
14,상상,0.33108425
6,다양,0.32642412
2,향유,0.32358506
4,세계,0.28773642
18,그동안,0.2771199
21,등,0.27364773
17,나뭇잎,0.26949835
12,쏠베감펭,0.2587514
11,워,0.24468014
13,체험,0.24094059
19,미지,0.21200301
