,keyword,cosine_score
6,요원인,0.407951
0,테러리스트,0.3808751
7,작전,0.35525924
5,뉴욕,0.3508019
1,아들,0.32141924
9,모스크바,0.2728372
4,비밀,0.23275417
3,베테랑,0.19939011
2,이야기,0.17467836
11,수행,0.15359235
10,경찰관,0.14893459
