,keyword,cosine_score
0,요원인,0.45701283
10,정보원,0.41741285
18,작전,0.40083188
15,시리즈,0.36373323
19,제레미,0.33826873
16,이야기,0.33743963
12,음모,0.3201885
7,레너,0.29524896
6,소설,0.2952174
5,콜,0.29229546
13,제이,0.27717406
9,본,0.271832
4,기관,0.26877418
3,번,0.26387465
11,비밀,0.26030412
8,로버트,0.25807008
1,초첨,0.23666081
2,바탕,0.22646052
21,러들,0.2254261
17,에,0.2210264
20,정부,0.18079235
22,작품,0.15034965
