,keyword,cosine_score
1,앨리스,0.55286574
13,삶,0.3195342
21,자신,0.29577196
9,추억,0.26328394
20,엄마,0.26289064
7,아내,0.2398358
6,결심,0.23834151
15,두려움,0.20978865
14,리안,0.2095218
4,존경,0.2087928
19,시간,0.18924853
22,사실,0.18590611
12,날,0.1782367
18,수,0.15748622
11,무엇,0.15630424
2,아이,0.15389313
17,사람,0.14267577
8,교수,0.13672698
0,앞,0.12317256
3,사랑,0.10832608
5,행복,0.10062568
10,알츠하이머,0.100067176
