,keyword,cosine_score
20,사투,0.45263955
1,치열,0.40873197
15,부산,0.39615017
17,재난,0.37897384
11,긴급,0.37046024
14,열차,0.34984207
10,바이러스,0.34764493
0,안전,0.34370366
19,경보령,0.3377564
21,극한,0.32652274
7,도시,0.30044082
3,전국,0.29459003
9,확산,0.27849686
5,거리,0.2673487
8,몸,0.2667379
13,대한민국,0.26070476
4,선포,0.22924085
2,서울,0.22302033
6,가운데,0.20428416
16,사람,0.20138788
18,정체,0.18386465
