,keyword,cosine_score
19,약혼녀,0.46746725
14,크리스,0.4509744
7,테니스,0.39269012
2,톰,0.37126526
12,만남,0.36117008
5,매혹,0.34415245
26,클로에,0.31557488
16,여동생,0.31468078
9,결혼,0.30586365
18,열망,0.2983596
10,섹시,0.27718627
21,성공,0.2632149
24,약속,0.25953767
22,위험,0.23918223
23,그,0.23749146
3,사랑,0.23411456
1,부유,0.2184467
15,강사,0.21670513
0,영국,0.21625288
20,삶,0.20887454
17,끌,0.20382121
27,라,0.18893263
25,노,0.18149704
11,노라,0.17983097
4,자제,0.17660744
6,채,0.17649558
8,수강생,0.16030721
