,keyword,cosine_score
18,가족,0.36736488
12,감동,0.31159776
14,태국,0.30020237
17,실화,0.29675606
2,최대,0.29268894
1,인류,0.28591332
9,기적,0.27066827
6,파괴,0.25582325
4,미,0.24759543
5,명,0.24299961
13,분,0.2349922
10,년,0.233971
16,월,0.2173511
7,쓰나,0.19288544
3,가운데,0.19158006
11,일,0.19038424
15,것,0.18478088
0,가능,0.17124015
