,keyword,cosine_score
27,프로디,0.48844406
1,악당,0.43910223
20,전기,0.34718958
21,위험,0.3280943
19,경찰차,0.30664498
22,고압선,0.30036312
2,안전,0.29977852
24,폭풍우,0.2978912
6,디,0.290702
8,물,0.28955257
13,수달,0.28405127
5,도티,0.24967904
23,수리,0.24391845
3,로,0.2370022
7,변신,0.22994842
17,능력,0.22795038
11,프,0.2195183
25,수,0.21897577
15,신비,0.21045178
26,수다쟁이,0.2067167
0,식수원,0.18871598
10,충격,0.1857333
18,날,0.17987852
16,전기차,0.14980668
28,마을,0.13773638
9,형제,0.13748133
12,친환경,0.13720247
4,내,0.09487237
