,keyword,cosine_score
9,다니엘은,0.62952554
24,모험,0.44943625
7,꿈,0.38160503
14,소년,0.3751706
19,험상,0.328506
20,좌충우돌,0.31427115
0,악당,0.3045777
17,위험,0.27395552
4,말썽꾸러,0.26330504
6,호기심,0.25749832
25,여정,0.25625107
23,경험,0.24401146
18,바닷,0.23849985
5,속,0.22355983
15,날,0.22160132
12,돌고래,0.2212399
13,개성,0.21701202
11,친구,0.21595079
8,곳,0.21144494
3,세계,0.20612359
2,칼,0.20597418
10,곳곳,0.1746057
16,일,0.17413259
26,오징어,0.15915066
1,다니엘,0.14801668
22,미지,0.14119163
