,keyword,cosine_score
9,동생,0.4339109
15,가족,0.38697574
10,사건,0.33544853
21,부모,0.33531147
8,드라마,0.33217397
19,언니,0.30865973
12,소송,0.30651024
16,감동,0.29803634
0,유전자,0.29681996
14,삶,0.29150617
17,죽음,0.28837025
1,의미,0.27720243
11,진실,0.27044436
18,조작,0.22561875
6,권리,0.22195753
20,치료,0.21584761
4,몸,0.21407944
2,속,0.19656791
13,제기,0.17144027
7,자기,0.1645959
3,사랑,0.15759367
