,keyword,cosine_score
16,이순재,0.46701807
21,당첨금,0.43804413
3,대통령,0.34540176
6,헌정,0.31312934
19,기부,0.3084284
17,서민,0.30143276
4,당첨,0.28880665
7,대한민국,0.25890568
13,사상,0.2584231
14,꽃미남,0.24609584
0,장동,0.24327427
9,속앓이,0.24310686
18,약속,0.21547422
5,글,0.20294511
2,최초,0.19613618
1,고두,0.19129464
12,건,0.18712626
20,전액,0.16026884
8,로또,0.15506785
15,사이,0.13163522
11,심,0.1282515
