,keyword,cosine_score
9,토끼나라,0.57329744
10,토끼,0.50324273
6,토토,0.37857187
21,엄마,0.33939558
2,왕국,0.28360286
19,몬,0.2693043
23,모험,0.216888
3,겁,0.196024
13,스터,0.19508249
5,페더킹,0.18381181
0,아빠,0.17299736
18,거대,0.119745076
20,규칙,0.110288575
8,꼬마,0.0986192
15,동굴,0.089247316
17,이상,0.079115435
16,수,0.07757888
22,간,0.077347636
7,시작,0.068802945
11,아저씨,0.026451517
14,일,0.025357578
1,토,0.02323946
24,몬스터,0.020503964
4,행복,0.018700244
