,keyword,cosine_score
20,살인마,0.5352585
27,살인,0.4790357
17,시체,0.35991412
14,사건,0.3595081
24,악몽,0.35633123
23,잔혹,0.35326514
12,공포,0.35081777
4,충격,0.34267795
2,광산,0.32005072
1,톰,0.30685213
21,현장,0.26000917
6,심장,0.25510764
19,목격,0.25365382
7,명,0.24986662
0,연쇄,0.23084602
5,속,0.2181502
9,재현,0.21798153
16,년,0.21615477
10,뒤,0.20127842
8,도시,0.19895531
3,자취,0.1906361
22,후,0.18521516
11,살해,0.17917567
25,그,0.17277142
28,전체,0.15651977
18,날,0.15473855
15,시작,0.13498637
26,탄광,0.10885932
