,keyword,cosine_score
17,정글,0.53178555
9,어드벤처,0.3720659
6,아마존,0.36253893
3,블루,0.361699
19,모험,0.36160514
2,야생,0.35381198
16,앵무새,0.31400618
1,악당,0.29733932
18,가족,0.2839149
13,다이나믹,0.24150337
5,새,0.22789875
0,이번,0.21805385
7,공격,0.19942795
20,그곳,0.19332239
4,마존,0.17695326
10,아,0.16356725
14,사람,0.16265695
8,도시,0.16191733
11,나이젤,0.15641266
12,친구,0.14912462
