,keyword,cosine_score
0,십자가,0.35584444
3,박해,0.33373562
2,구원,0.3232928
10,대제국,0.3217341
16,민족,0.31800324
12,그리스도,0.30027682
13,이스라엘,0.29741997
11,예수,0.27472657
1,죄,0.2639565
9,세상,0.21523517
5,이야기,0.20803589
14,믿음,0.20237884
4,그,0.17443034
7,전파,0.14232561
15,내용,0.11925769
6,로마,0.06341019
