,keyword,cosine_score
8,모험,0.46089774
0,섬,0.4323739
12,노키오,0.42359185
2,경이,0.3807277
1,사람,0.31831694
10,여정,0.31573138
7,망망,0.3006175
11,작품,0.3003981
4,인,0.28265953
9,나무,0.26572412
6,대해,0.25970185
5,비밀,0.23969592
