,keyword,cosine_score
26,행성,0.48896906
16,전쟁,0.45235896
27,우주,0.40737396
0,외계,0.4052786
1,존,0.35049504
6,카터,0.3101811
13,서막,0.30721408
9,파괴,0.3000607
12,시공간,0.29622063
17,운명,0.26008755
14,종족,0.25150385
3,바숨,0.23113579
2,테일러,0.2254827
20,거대,0.22524285
5,곳,0.22485344
7,키취,0.2235052
10,능력,0.22325459
8,신비,0.2182278
15,상상,0.20682868
11,년,0.2014957
19,그,0.19414324
25,이곳,0.18564278
4,특별,0.1647003
22,이동,0.16428569
23,간,0.15448716
24,계속,0.1373348
18,수,0.13568978
