,keyword,cosine_score
4,페르시아,0.50872767
16,대서사,0.35999584
1,고대,0.32254264
9,격돌,0.30291796
23,제국,0.30171525
5,단검,0.28615946
22,액션,0.28588498
15,천하,0.25796798
14,운명,0.253761
6,파멸,0.23204273
21,사원,0.22927496
7,신비,0.22889887
11,세상,0.22335643
12,비밀,0.22247718
10,반역자,0.21307768
8,정복,0.21295913
20,시간,0.18850222
19,공,0.15538831
18,용기,0.15105653
3,배경,0.15049842
17,수,0.13893412
2,주,0.13856944
0,왕자,0.115791366
