,keyword,cosine_score
8,기록,0.44788012
9,영화,0.43796492
12,남자,0.3868633
5,전대미문,0.3438805
11,도전,0.33374137
3,스토리,0.26011935
2,티미터,0.253882
6,높이,0.23589414
7,위,0.23411246
10,폭,0.23188046
4,길,0.1251037
1,센,0.11981045
