,keyword,cosine_score
19,살인마,0.4848266
21,복순,0.41690224
11,동생,0.41458148
24,살인,0.41239464
25,복수,0.40750057
10,미친년,0.36067736
22,냉혈,0.2814887
4,칼,0.26901883
8,노점상,0.26226366
1,그녀,0.25946254
14,마무리,0.23667839
5,동네,0.22621946
26,자루,0.22339341
17,비밀,0.1967286
18,일,0.19603077
9,일명,0.19263029
13,시작,0.18910632
15,숨,0.18850309
16,날,0.18038718
23,그,0.17615655
3,앞,0.16853145
0,손,0.16214962
20,괴물,0.15287858
6,태수,0.14430436
12,추격,0.14419506
7,채,0.14315736
