,keyword,cosine_score
6,인생,0.44143155
2,파국,0.40703237
25,비극,0.40260714
0,창수,0.3970277
12,목숨,0.39392522
11,임창정,0.37564677
16,슬플,0.3736409
15,징역살이,0.37236494
7,추락,0.36395878
17,밑바닥,0.32786974
23,사람,0.32426322
5,창(,0.31407756
20,순간,0.2939997
19,날,0.2794396
18,가내일,0.2741144
28,내일,0.26450652
10,드라마,0.26413184
14,남자,0.25890753
27,수,0.24402012
26,그,0.21977946
22,것,0.21442266
21,하룻밤,0.21438463
8,곳,0.21402447
13,시작,0.20544608
4,대행,0.20231053
24,이상,0.19202444
1,그녀,0.1872704
9,여자,0.16242927
