,keyword,cosine_score
23,로맨스,0.40862006
6,코미디,0.4043342
20,혈투,0.39459613
5,영화,0.36974052
8,독촉,0.36048585
17,카드사,0.3197443
2,보증,0.31784713
10,전화,0.30761158
24,신용,0.30451435
15,김무령,0.29905146
11,임창정,0.29284662
22,빚,0.28943038
14,여직원,0.28779292
13,방극현,0.28121608
12,채권,0.27271423
9,팀,0.2519957
21,그,0.24780537
19,엄,0.2440735
3,우수사,0.2233249
18,지,0.21288525
4,불량,0.19161645
16,분,0.18372741
0,원,0.1820504
7,형사,0.18139422
