,keyword,cosine_score
24,레전드급,0.36045325
15,요원,0.29642236
11,전설,0.27966893
8,위기,0.26936495
21,밤,0.24926436
17,행방,0.23279037
5,미,0.21911412
9,혈안,0.21880957
1,세계,0.21667168
6,그림자,0.20856388
20,국방부,0.20743464
18,은퇴,0.20732492
16,조직,0.20518285
2,본능,0.19261067
10,년,0.19119385
19,그,0.1567752
12,상황,0.15499465
7,가동,0.15397596
4,때,0.14651512
13,러시아,0.1422526
23,최악,0.124211565
3,지금,0.12246301
0,영국,0.10083529
14,후,0.098145634
22,정부,0.06267634
