,keyword,cosine_score
15,하녀,0.47682685
0,그녀,0.42300504
23,셀레스틴,0.3977353
8,미모,0.341074
22,일기,0.3360266
10,질투,0.32065395
9,추파,0.30443949
19,세상,0.2843504
2,등장,0.283978
1,주인,0.28081587
16,출신,0.24138346
3,성격,0.23931241
26,패션,0.2155742
24,세련,0.20431086
18,감각,0.2018305
17,리,0.19376549
11,시작,0.16259363
4,우리,0.14147747
6,여자,0.14051646
7,공개,0.1387199
14,파,0.13615151
21,밀,0.13566318
5,조용,0.1343644
13,자신감,0.11821401
20,발,0.10481663
25,마을,0.07273297
