,keyword,cosine_score
12,엘리시움,0.46212777
0,지구,0.4130712
5,최후,0.37487662
8,세상,0.33705986
1,생존,0.3300137
4,인류,0.3272638
15,전쟁,0.30217475
9,선택,0.26860487
6,여름,0.24617104
3,그,0.22857776
7,미래,0.22252037
10,시간,0.20559682
2,것,0.1986598
14,시작,0.19687223
11,일,0.14961465
