,keyword,cosine_score
0,그녀,0.4665961
21,운명,0.43065488
1,리나,0.41287953
16,세상,0.30961585
19,능력자,0.30501306
14,힘,0.2699961
15,리,0.2681015
6,생일,0.2646343
5,가혹,0.26263914
27,혼돈,0.2576776
26,선택,0.2570484
2,유혹,0.25170267
18,악,0.23227952
29,살,0.22725207
20,저주,0.21507329
13,대결,0.20930298
28,어둠,0.20204344
8,누구,0.20077609
24,수,0.19239914
7,빛,0.17911172
17,중,0.17396957
11,선,0.17234442
25,시간,0.1623142
10,시작,0.16037251
22,주변,0.15682654
9,나,0.1557353
23,가지,0.13867623
4,마녀,0.08798147
12,소녀,0.08695841
