,keyword,cosine_score
2,왕실,0.4971779
1,조선,0.3942932
7,비밀,0.3844487
0,신기전,0.3457451
11,왕,0.33661556
13,병기,0.31785822
15,이,0.2582367
8,국가,0.25722107
12,운명,0.23772992
3,것,0.22556818
5,수,0.22272995
14,자리,0.22099993
9,사수,0.20829849
4,사람,0.19105001
6,상,0.1746087
16,배경,0.115660235
