,keyword,cosine_score
16,스쿠버다이빙,0.4957948
3,바다,0.47605336
7,공포,0.44539493
10,상어,0.42235917
22,극한,0.38047916
15,여름,0.32610303
28,위협,0.32394996
27,리얼,0.30910844
13,하강,0.30051267
9,오감,0.2984393
20,죽음,0.2952548
11,남녀,0.2864825
5,스,0.28386512
24,맥박,0.2740432
23,서스,0.23801377
21,이야기,0.21455649
4,가운데,0.20713738
14,놈,0.20286122
18,중,0.20114489
0,수직,0.1899608
12,상승,0.18901351
2,체온,0.18836066
17,투어,0.18788892
6,자극,0.18783404
8,무비,0.18714802
25,펜스,0.1869487
26,떼,0.16141564
19,실수,0.09400046
