,keyword,cosine_score
11,나,0.36387572
0,내,0.34179044
21,순간,0.3153147
23,그,0.30026668
9,그날,0.29735595
8,심장,0.2836749
4,숨결,0.27126718
12,남자,0.26581687
28,혼란,0.25995755
22,것,0.25358325
6,눈물,0.23589045
25,사람,0.22789906
3,전,0.22584099
20,환영,0.21820939
7,명,0.21806431
2,상처,0.2168554
10,오늘,0.2147101
14,숨,0.21075065
26,얼굴,0.1997189
17,당신,0.19545317
19,미술관,0.19421807
16,무엇,0.19295722
1,사랑,0.18272702
15,년,0.17955625
18,완벽,0.16483426
27,운,0.15434808
24,수,0.12614168
5,번,0.10613877
