,keyword,cosine_score
1,달,0.5003678
25,소혼,0.42388958
0,수호자,0.39738405
27,밤,0.3660797
28,어둠,0.36192685
17,태양,0.36019266
12,빛,0.34647048
10,꿈,0.33287543
26,암흑,0.32998627
8,얼떨결,0.3176458
2,네크로스,0.31563014
5,환상,0.3129091
20,글림,0.30795467
4,세계,0.28204286
29,모험,0.27972308
13,한때,0.260733
23,그,0.24541873
19,날,0.23869011
14,어리,0.2285703
22,것,0.2269071
24,뮨,0.22020227
21,뮨과,0.22020225
11,지배자,0.21549504
9,최고,0.20614186
7,양초,0.20134082
6,지금,0.15404221
15,임명,0.14171937
3,요정,0.13461787
16,시작,0.13359654
