,keyword,cosine_score
25,슈퍼히어로,0.54568386
20,베이맥스,0.51767445
14,로봇,0.447842
4,슈퍼히,0.4260962
19,테디,0.3946866
17,공학,0.3513775
24,베이맥,0.33899873
2,히로,0.33332822
27,이,0.31328773
9,파괴,0.29560792
11,테,0.2791884
12,몸매,0.27444994
18,위험,0.2703536
7,업그레이드,0.26824033
1,치명,0.24645914
22,어,0.2450575
8,위기,0.24418086
13,전문가,0.24150905
6,스,0.23422237
5,도시,0.23196484
26,개발,0.2252975
23,수,0.22252946
21,재,0.22078589
3,사랑,0.21831153
10,동생,0.21578586
16,천,0.21330202
0,디,0.19513056
