,keyword,cosine_score
6,거인,0.45509404
8,잭,0.4515877
11,비바람,0.40328455
18,거대,0.38458169
2,세계,0.34392408
13,세상,0.32948035
16,전쟁,0.32627833
7,정복,0.3177095
0,존재,0.3110339
21,그곳,0.3045407
17,홀트,0.29677245
22,이,0.2966126
14,콩나무,0.29274207
19,밤,0.28523156
10,마법,0.27851623
9,하늘,0.27687836
15,사이,0.26256508
4,땅,0.2344434
1,인간,0.22744712
12,합류,0.22627062
3,물,0.21476352
20,라스,0.14201912
