,keyword,cosine_score
15,추격자,0.5023366
8,류승룡,0.39891583
1,태준,0.39843652
7,여훈,0.3910219
17,누명,0.3450628
22,살인,0.34364486
4,유준상,0.34120703
6,동행,0.31707597
2,명,0.30828136
18,납치,0.2968999
5,김성령,0.28651804
10,사건,0.2831219
23,이진욱,0.28043622
16,위험,0.27071208
20,그,0.25557548
19,시,0.22235945
21,송반장,0.20423299
9,아내,0.20147279
0,의사,0.19947737
11,시작,0.19720517
3,목적,0.19704387
24,간,0.16328795
14,숨,0.14838806
13,모두,0.14337562
12,추격,0.140979
26,영주,0.13666952
