,keyword,cosine_score
23,멸망,0.41867882
1,인류,0.39447278
11,최후,0.38736677
9,위기,0.36815548
2,세계,0.36035836
17,생명,0.3586337
10,목숨,0.3543618
4,카네기,0.31464487
20,세상,0.3090757
14,문명,0.2891181
0,마지막,0.28816986
29,잿빛,0.27857444
27,지배,0.2642823
16,대결,0.26397458
12,전달,0.2472838
21,열쇠,0.23626544
18,이,0.22353546
8,서로,0.22093093
28,지상,0.21327148
22,각자,0.21203819
6,도시,0.21023625
5,공격,0.20152941
24,수,0.19287868
25,모,0.18087214
13,시작,0.17987706
19,금,0.17573631
15,자,0.16681857
7,목적,0.15779328
26,라이,0.14427304
