,keyword,cosine_score
14,엄마나무섬,0.47595218
7,엄마나무,0.4233556
19,호비,0.38038462
23,엄마,0.36575496
17,치키,0.33902526
9,동생,0.29116994
12,도움,0.28002727
26,모험,0.26109084
18,위험,0.24367061
22,원숭이,0.23888272
6,꿈,0.23445159
15,섬,0.22858468
11,친구,0.22727366
5,하,0.21020564
0,때문,0.20882785
24,거미,0.20388225
21,수,0.20329446
10,결국,0.19874588
3,속,0.18859428
20,것,0.18490192
8,곳,0.17847833
2,사랑,0.1724735
25,독차지,0.1676372
16,날,0.1463851
13,소녀,0.14317602
1,형제,0.14294218
