,keyword,cosine_score
2,토토,0.37191114
21,곰,0.33887136
10,소피,0.273157
22,숲,0.25574616
1,할아버지,0.24840444
11,동물,0.23814619
19,너머,0.23712163
8,조나,0.2240322
13,위험,0.21068779
9,전설,0.19960096
7,마법,0.18256903
3,댁,0.17649268
12,중,0.15425155
5,동생,0.14895183
17,거대,0.13715091
15,것,0.12415303
16,수,0.1156831
20,등,0.108177364
18,나단,0.10660264
0,담장,0.09273958
4,조나단,0.09252064
14,방학,0.09247163
