,keyword,cosine_score
27,정절녀,0.47150213
15,열녀문,0.3794754
4,조,0.36300373
12,정,0.34042543
0,조선,0.3274122
17,바람둥이,0.3211315
14,한이,0.310872
11,남편,0.30337614
21,숙부,0.30028358
19,조원,0.26938248
22,씨,0.26022595
5,처녀,0.24793553
9,허,0.24460605
23,천하,0.22916737
16,명성,0.2048639
25,영,0.19591963
1,녹녹치,0.19331005
2,원,0.18023324
18,딴곳,0.16893628
26,소실,0.16321354
3,불만,0.1562553
6,팔도,0.1419534
20,날,0.13981313
24,것,0.13799393
13,표적,0.12086768
8,자리,0.112100184
10,최고,0.09119535
