,keyword,cosine_score
22,언니,0.44655755
15,자매,0.44208795
7,동생,0.34885886
17,엘사,0.33319962
0,안나,0.31685147
4,왕국,0.2773952
6,신비,0.27468795
13,비밀,0.2681768
23,엘,0.26193494
12,세상,0.24244048
5,서로,0.19480522
24,말,0.17937528
10,사,0.17424285
11,힘,0.1654614
1,환상,0.16127537
14,저주,0.15203099
8,여정,0.14547765
9,친구,0.12711847
20,안,0.112238824
21,자신,0.104121864
18,통제,0.09995074
16,것,0.09905039
2,그것,0.07894259
3,최고,0.04786678
