,keyword,cosine_score
22,드래곤,0.49273413
25,바이킹,0.46679932
23,버크섬,0.43389723
16,히컵,0.4129219
8,킹,0.37403315
13,사냥,0.37210634
19,족장,0.3417732
1,만끽,0.33371592
17,위험,0.3218994
6,아들,0.31055754
0,투슬리스,0.30576518
20,그,0.29668242
21,싸움,0.29021955
26,이,0.28424042
2,부상,0.26590487
5,서로,0.2599268
9,사고,0.25255927
10,치,0.24202839
3,소질,0.21453558
14,날,0.20934454
15,비밀,0.2090385
18,용맹,0.1862436
24,마을,0.18084145
4,생활,0.1637115
12,친구,0.15681025
7,바,0.14208922
