,keyword,cosine_score
5,조엘,0.34369096
11,추억,0.2957253
1,기억,0.2785129
16,연인,0.24474648
18,아픔,0.23860204
0,멘타인,0.17316699
7,결심,0.11658463
6,각인,0.11205761
15,순간,0.10887178
13,사,0.0820375
8,나,0.06584207
3,속,0.058092166
9,시작,0.04900755
17,가슴,0.04355698
14,당신,0.04257483
10,라쿠,0.02412748
2,사랑,0.015780393
12,클레,-0.03622979
