,keyword,cosine_score
16,로맨틱,0.4214993
1,테니스,0.3894875
5,챔피언,0.34921843
4,선수,0.3393172
11,만남,0.32731736
2,그녀,0.3228854
14,우연,0.2572707
0,코미디,0.2519701
6,하위,0.20900643
9,이,0.20771548
3,덕분,0.19913399
12,사랑,0.1947136
7,여자,0.19192097
13,윔블던,0.16794398
10,왕좌,0.1400863
8,발전,0.13943206
15,내용,0.13098261
