,keyword,cosine_score
7,다이버,0.5567219
9,수중,0.51406664
0,탐험,0.51152813
14,동굴,0.4997887
13,탐사,0.4685705
17,물살,0.41488665
2,생존,0.37966657
15,탈출구,0.35542727
10,폭풍,0.34181428
16,미로,0.32821834
8,미지,0.2726038
11,중,0.2658605
1,열대,0.24992763
6,손길,0.24557766
5,인간,0.22944477
4,그,0.22905104
3,것,0.21377459
