,keyword,cosine_score
15,허니문,0.4571954
9,신혼,0.40877122
18,파리,0.405056
12,부부,0.36810067
21,로맨스,0.3383687
7,결혼,0.33667368
0,여행,0.29026383
14,주말,0.26300362
5,때,0.17516065
16,장소,0.15854485
4,번,0.14944535
11,년,0.14696625
8,차,0.1363849
1,로,0.11970967
3,동안,0.11933683
19,그,0.11836837
13,완벽,0.09896122
2,가능,0.09454508
6,생활,0.09226659
20,자신,0.07986759
17,닉,0.051077195
