,keyword,cosine_score
8,수용소,0.36807185
18,데이비드,0.36519152
7,스테판,0.35599816
6,모사드,0.34853405
16,아우슈비츠,0.31136966
12,요원,0.29999417
10,재판대,0.2899729
2,레이첼과,0.28680748
11,비밀,0.24992998
3,전직,0.24311768
0,유태인,0.23972137
4,충격,0.23212722
14,동료,0.20955288
17,르케나우,0.2001858
15,미션,0.18723041
5,소식,0.17164198
1,의사,0.16436803
9,년,0.13918793
