,keyword,cosine_score
6,오스칼,0.3864753
25,이엘리,0.36278602
5,아이,0.3495158
12,사건,0.34160846
18,소년,0.33893964
4,감정,0.32608348
15,친구,0.31454062
10,서로,0.29907563
21,피,0.29456338
2,등장,0.2894799
23,밤,0.289369
17,이후,0.27559364
8,수수께끼,0.2720822
26,사실,0.2604743
0,그녀,0.23724939
22,얼굴,0.23711663
11,비상,0.22996731
24,가슴,0.22356921
9,채,0.21616861
14,눈치,0.21051608
1,새,0.20853092
13,두뇌,0.20530516
16,소녀,0.20365301
3,뱀파이어,0.2033925
7,마을,0.20235486
19,눈,0.17079827
