,keyword,cosine_score
13,전쟁,0.46130788
20,액션,0.39419383
6,팀,0.3762208
17,블록버스터,0.36142156
18,대장,0.3584409
15,바니,0.31702426
3,전직,0.29984704
9,멤버,0.28919885
5,코나,0.27444738
7,파괴,0.27386194
10,최후,0.26907325
1,특수,0.26872432
11,출신,0.24146158
2,익스,0.21919669
12,초창기,0.1970747
21,쾌감,0.1923944
0,펜,0.17411229
16,자신,0.16745573
19,사실,0.16678166
8,부대,0.1379195
4,더블,0.083208434
