,keyword,cosine_score
7,사기,0.4387308
13,대결,0.36206833
8,섹시,0.3414362
6,스미스,0.3150599
3,니키,0.31308842
20,백만장자,0.26823354
12,년,0.25695872
18,로비,0.25672793
10,누구,0.25657922
2,베테랑,0.23872474
9,동시,0.2345503
14,기술,0.22684439
21,것,0.22625996
17,부에노스,0.22130382
22,수,0.21742961
5,명,0.21664387
19,윌,0.21088982
0,그녀,0.1996038
23,사람,0.19792867
26,제시,0.19469932
24,아이레스,0.17949276
4,사랑,0.17727113
15,일,0.16788629
25,신참내기,0.16620472
1,역사,0.15223595
16,후,0.14586109
