,keyword,cosine_score
7,오스카,0.56336975
12,마법사,0.4007968
13,마술사,0.3308695
8,서커스,0.31012952
3,세계,0.29376596
16,테오도라,0.26502717
0,에바노,0.25406194
9,신비,0.23758379
10,회오리,0.2375058
19,정체,0.18862054
18,그,0.17902091
2,의심,0.16965684
15,중,0.16342819
1,오랫동안,0.14401802
11,누구,0.13373637
20,바람,0.12798364
14,날,0.124314606
17,사람,0.11864648
6,도착,0.0655301
5,마녀,0.059771724
