,keyword,cosine_score
14,목사,0.5075183
15,교회,0.4994489
17,구원,0.41950074
16,믿음,0.38584775
22,정체,0.34792024
10,기적,0.32082447
7,결,0.3074063
3,폭군,0.3066877
4,예정지역,0.3037994
21,그,0.29708022
2,의심,0.29436082
13,빙자,0.27727017
1,수몰,0.27472216
0,진짜,0.27345
8,남자,0.27194685
18,것,0.2634396
9,유일,0.26231688
6,주정뱅이,0.25099036
24,이,0.24154623
20,사람,0.23407185
19,충돌,0.22338964
11,장로,0.22147524
23,마을,0.21394455
5,보상금,0.21389964
