,keyword,cosine_score
5,궁중,0.47912732
14,사극,0.47843367
13,왕,0.42228845
23,화연,0.39817345
10,에로틱,0.39335743
8,궁,0.38959664
16,욕망,0.35822642
7,드라마,0.35543165
12,여인,0.34691513
21,권력,0.3312246
20,비극,0.30837905
0,그녀,0.29430634
15,대군,0.28034258
17,성,0.25044835
22,수,0.18063486
3,전,0.17852598
18,것,0.16849285
19,사람,0.1636272
11,권유,0.15302944
1,원,0.14739501
6,여자,0.13253398
2,사랑,0.12707014
4,자리,0.10631076
