,keyword,cosine_score
15,알리바이,0.49720982
1,살인범,0.35831326
7,사고,0.34658635
23,살인,0.34168738
9,사건,0.33504218
16,누명,0.3236507
4,전문,0.32026374
20,직업,0.3163416
24,자신,0.26492026
11,컨설턴트,0.25577772
22,처리,0.24889135
2,연루,0.24303572
18,그,0.23724648
17,실수,0.23339197
26,이,0.22589543
19,승승장구,0.217805
14,고객,0.206572
0,선호,0.19945875
21,레,0.19235247
6,뒤,0.18962237
13,중,0.17217903
3,남,0.16429432
12,완벽,0.16027962
10,탈,0.14654694
8,제조,0.13703287
5,신종,0.12114815
