,keyword,cosine_score
7,실종,0.3698519
13,남자,0.35685062
4,혼자,0.30764812
1,기억,0.26753008
6,파출소,0.26591438
20,편지,0.2618934
10,신고,0.25647485
17,인적,0.2547003
8,본인,0.23292966
9,누구,0.2273651
5,편의점,0.21889104
24,밤,0.21826185
25,자신,0.19175622
22,그,0.16970113
26,소용,0.1691482
14,단서,0.16883549
2,동네,0.16166869
15,여직원,0.14268303
16,어디,0.13596143
23,용기,0.13051406
18,순간,0.12261708
19,밖,0.10918132
21,것,0.109062925
0,그녀,0.10106808
3,때,0.09294423
12,시작,0.060582772
