,keyword,cosine_score
3,존재,0.46280673
15,운명,0.45704067
4,인류,0.41602975
2,지구,0.4103222
17,구원,0.39889863
8,절대자,0.37787148
1,주피터,0.3735978
6,등장,0.37022716
0,쿠니스,0.36318532
13,삶,0.34132606
5,현실,0.33352596
19,이유,0.3299812
18,것,0.31003824
16,케인,0.30836064
21,자신,0.3035214
12,비밀,0.29376453
9,채닝,0.2931491
14,테이,0.2923845
7,남,0.27459013
20,밀,0.24775556
11,당신,0.2366938
10,공간,0.23442546
