,keyword,cosine_score
3,마이클,0.37295577
14,한나,0.35850668
26,그리움,0.32551643
12,이별,0.32224572
27,인연,0.28433543
25,책,0.21389247
15,여인,0.20509353
16,소년,0.20491241
7,인생,0.20301132
10,법정,0.18066986
23,징역,0.17502397
9,녹음,0.17141546
11,간직,0.16287577
6,선고,0.15663755
13,년,0.15229046
0,신분,0.14945279
28,테이프,0.14572917
20,끈,0.14188477
17,날,0.14180514
24,것,0.13280118
1,자취,0.12522767
2,사랑,0.103958294
4,무기,0.10225947
8,송두리,0.09423921
5,대,0.093137495
19,후,0.08113176
22,법대,0.07796989
21,피의자,0.07749679
