,keyword,cosine_score
21,판도라,0.44793767
1,행성,0.38266227
0,지구,0.35370207
14,전쟁,0.3503946
19,전투,0.3212438
10,남자,0.31670415
4,세계,0.31381166
11,문명,0.3096386
18,거대,0.30055982
15,생명체,0.27290708
9,신비,0.26586914
17,그,0.26253197
16,미션,0.2562276
8,판,0.25450313
5,환상,0.25149658
22,이,0.23617643
7,주도,0.2110278
20,자랑,0.19022107
6,사랑,0.1847417
13,수행,0.18298349
2,도,0.17483614
3,예기,0.16142935
