,keyword,cosine_score
6,재판,0.48128155
16,배심원,0.4462084
9,법정,0.4422878
28,살인,0.43098062
27,피살자,0.40912578
2,용의자,0.38256425
12,사건,0.38188076
17,대결,0.37831804
7,남편,0.37608525
3,변호사,0.34075898
13,최후,0.3384426
1,혐의,0.33762404
0,치열,0.3335822
18,시체,0.33134097
29,검사,0.315098
21,반론,0.28958124
15,결말,0.27821326
14,정황,0.2685477
26,피,0.2660839
4,전,0.23527636
5,침대,0.22302184
22,투입,0.21182999
20,예상,0.20256001
24,그,0.18290703
11,누구,0.18220887
8,여기,0.16720258
23,수,0.15834752
19,당신,0.15494332
25,공방,0.12200177
