,keyword,cosine_score
15,최해갑,0.51502514
13,가족,0.45684493
9,섬,0.41294307
0,남쪽,0.40156335
3,갑,0.35749352
1,생활,0.32768333
5,살,0.30699918
2,시대,0.27622852
16,남,0.27309355
10,평화,0.25448477
17,말,0.2493536
7,그,0.24434018
4,것,0.24419072
12,사건,0.24187407
11,뜻밖,0.2373621
6,수,0.22344154
14,김윤석,0.19316182
