,keyword,cosine_score
28,살인,0.48492724
8,복수극,0.4538465
14,피해자,0.4270463
13,사건,0.4184702
17,잔인,0.38340148
22,오열,0.3796097
2,참혹,0.36859965
4,분노,0.3569895
11,수사,0.344613
15,시체,0.33079064
20,오정수,0.288054
12,아내,0.2808199
10,소영,0.26612386
7,결혼,0.26447302
16,지현,0.24692914
23,동료,0.21773037
9,정수,0.2153691
27,극복,0.20666581
3,기억,0.20636135
5,딸,0.17871937
19,현장,0.17000544
0,발견,0.15352374
18,중,0.1517537
25,사람,0.14229831
24,이유,0.13838024
26,마,0.13378094
21,강력,0.12845576
6,형사,0.09016718
