,keyword,cosine_score
6,아들,0.36020052
23,가족,0.32484323
2,친자,0.30261183
11,병원,0.2934297
12,비즈니스맨,0.24420787
13,관계,0.24093445
10,갈등,0.23220506
1,고민,0.21745127
9,아내,0.21563031
16,삶,0.21495321
3,아이,0.20594588
21,자신,0.20588253
4,료타,0.20241162
7,전화,0.15040523
17,성공,0.12355347
22,간,0.121310666
14,년,0.116446085
18,방식,0.106418975
19,것,0.09056345
15,날,0.08967205
5,사랑,0.08373088
0,만족,0.07621586
20,통,0.07547055
