,keyword,cosine_score
9,동네,0.47685626
13,이웃,0.45719403
14,코미디물,0.4352431
5,섹시,0.42231032
1,우리,0.3834529
0,코믹,0.37893283
7,밤사정,0.3598946
11,취향,0.33742493
15,풍기문란,0.3207646
16,각자,0.3146096
3,성,0.31441048
4,시민,0.3074656
12,단속,0.30144194
10,한창,0.27530658
17,사수,0.24595222
6,프로젝트,0.2329176
8,각각,0.23117568
