,keyword,cosine_score
3,스키점프,0.44646627
9,영화,0.345739
5,청춘,0.31771082
2,스포츠,0.31291783
8,응원,0.25876576
7,국가,0.2511601
1,대표,0.2170914
4,국민,0.21465445
0,과정,0.14857078
