,keyword,cosine_score
4,생이별,0.44833934
20,형제애,0.440335
26,엄마,0.38412714
23,상봉,0.34228674
2,핏줄,0.27096036
19,시절,0.23373792
15,분,0.21962789
12,년,0.19797912
3,극,0.19624564
16,성공,0.1875652
6,연,0.17630771
7,시작,0.16189826
18,상연,0.15922785
17,후,0.15436348
27,원정,0.15090218
25,고아원,0.14832695
22,기쁨,0.13857046
13,스타일,0.13759863
11,너,0.12188604
0,전국,0.120349154
28,방방곡곡,0.109147504
5,말투,0.09968004
10,게,0.09767488
14,제보,0.09660004
21,수,0.08994757
8,만,0.067520276
1,형제,0.06219436
9,무,0.04777041
