,keyword,cosine_score
8,복수극,0.45060444
19,복수,0.35702127
4,영화,0.33174586
20,곰,0.3083523
11,각색,0.30249506
16,습격,0.2941944
0,야생,0.292837
14,사냥,0.26395595
7,소설,0.25722176
12,동명,0.25644946
10,남자,0.23359813
1,서부,0.22814927
22,푼케,0.21521556
9,회색,0.19114628
13,세기,0.18826492
3,마이클,0.17280155
5,부상,0.16286108
21,작품,0.16227594
6,배경,0.14022142
2,미국,0.12898833
15,일행,0.088268936
17,내용,0.08253105
