,keyword,cosine_score
17,전쟁,0.3475077
12,로봇,0.2959811
16,절친,0.26499614
25,고철더미,0.24180225
7,적,0.24018991
1,과거,0.23067284
9,파괴,0.22524749
10,친구,0.22498634
0,기억,0.20930567
6,서로,0.2049515
24,무무,0.17735367
18,운명,0.16260317
8,당시,0.16186112
11,년,0.1587818
3,전,0.1562702
5,돌변,0.13728422
23,의지,0.10590108
14,후,0.09537683
2,속,0.09313797
19,것,0.09134693
26,사실,0.081510395
13,일,0.07740347
22,거대,0.07201951
4,최고,0.027153686
20,수,0.026511379
15,빅,0.022778463
