,keyword,cosine_score
16,집,0.48744857
17,방,0.47605705
8,밤,0.3035673
0,우리,0.2545352
11,속삭,0.25244272
15,누구,0.2517022
12,속,0.24575272
6,것,0.23519102
7,날,0.2308267
13,이사,0.21675524
14,어둠,0.21304224
1,세기,0.2056082
2,아빠,0.19454768
5,저택,0.1919308
3,혼자,0.17477635
9,대답,0.16716382
10,일,0.16296273
