,keyword,cosine_score
1,댄스,0.55045676
8,블록버스터,0.50782335
0,영상,0.42056638
2,비트,0.3561847
4,워풀,0.343776
5,카타르시스,0.3326798
7,최강,0.32933348
6,혁명,0.27626544
9,신,0.25491697
