,keyword,cosine_score
0,절정,0.3737374
9,신혜,0.34947512
5,때,0.33554393
8,만개,0.30322477
15,해영,0.30314836
14,친구,0.27504322
7,대,0.26902902
13,꽃,0.26707405
4,지금,0.25489762
6,미,0.2540596
12,연,0.2518395
11,주부,0.24819313
18,이야기,0.21710274
1,미스,0.21537898
17,골,0.2042801
3,사랑,0.1814959
19,드,0.17308122
2,도발,0.16869724
16,일,0.15977101
