,keyword,cosine_score
15,개구리,0.45650226
6,만남,0.3666838
1,그녀,0.31305778
18,키스,0.3054848
5,입술,0.30330673
3,꿈,0.27819142
20,티,0.26406625
21,거,0.25761682
17,마,0.25040868
12,날,0.24920802
7,아,0.23699169
0,왕자,0.22973266
4,자칭,0.22881775
11,이갓,0.22184068
2,번,0.21433641
9,마법,0.21407923
16,이야기,0.20863876
10,소녀,0.20421779
8,나,0.17734301
13,어디,0.17653264
19,뭐,0.17564103
22,말,0.14764003
