,keyword,cosine_score
18,가족,0.39605594
17,모험,0.37657467
6,우연,0.32461405
11,시련,0.3059545
19,여정,0.30315632
12,자연,0.25584796
13,것,0.24384826
15,알,0.23623487
9,사고,0.20837781
5,속,0.20526004
10,치,0.20413508
7,스,0.19154614
3,성향,0.19117658
16,뭐,0.17784956
8,선사,0.17482096
4,외모,0.16600294
1,앞,0.1576053
2,알로,0.15452248
0,내,0.14412324
