,keyword,cosine_score
20,최은모,0.5020449
4,은모,0.43646735
24,언니,0.3784309
8,남편,0.35344923
10,고향,0.3200574
18,죽음,0.31678456
11,사고사,0.29101503
7,보험금,0.27494702
21,김중식,0.2507189
5,소식,0.22104654
13,진실,0.20947962
23,자신,0.19353004
16,끝,0.1862638
2,마음,0.18575305
15,년,0.1776748
0,여행,0.17218256
25,사실,0.16339588
19,그,0.15913707
9,모습,0.14349991
17,것,0.13927847
14,해,0.12883046
3,동안,0.118863255
1,앞,0.103823595
12,만,0.09275473
22,파주,0.09100896
26,인도,0.07428998
