,keyword,cosine_score
2,구두,0.6093173
10,신발,0.57510984
1,이야기,0.38305223
7,기계,0.38063267
3,변신,0.3751881
0,주인,0.33047146
6,신비,0.2683037
9,내용,0.2629568
4,모습,0.24913608
5,사용,0.20720144
