,keyword,cosine_score
4,원작,0.5394623
5,소설,0.5319128
9,원작자,0.52551335
7,로맨스,0.5020946
2,픽션,0.44734383
1,시리즈,0.40854985
11,스테파니,0.40505254
6,사이언스,0.39586502
3,동명,0.33832246
12,이,0.32468823
10,트와일라,0.29418132
8,메,0.29410905
