,keyword,cosine_score
12,요괴,0.4835778
17,전쟁,0.4413108
23,우바,0.31249225
2,세계,0.29808587
13,세상,0.2961628
6,초월,0.2890031
15,종족,0.28382432
14,동물,0.27448976
11,공존,0.25677034
4,우,0.23799282
16,사이,0.21879892
9,사건,0.21598345
26,이,0.21021506
1,후계자,0.20774865
0,인간,0.20621757
7,드벤처,0.2061263
22,옛날,0.19603668
21,그,0.18059042
24,간,0.1804431
8,바,0.1600932
10,시작,0.14821704
3,개,0.14261347
27,부모,0.14005677
20,수,0.13002211
5,판타지,0.10077689
25,몬스터,0.08837278
19,헌터,0.08757226
