,keyword,cosine_score
7,살인,0.42156416
11,아내,0.4134222
12,사건,0.3255607
6,증거물,0.3183202
8,조사,0.23313144
3,흔적,0.21158531
13,충격,0.20886394
10,현장,0.17030185
5,자기,0.156849
17,동료,0.14064974
9,속,0.13947323
4,그,0.10800536
15,그곳,0.10371118
2,것,0.09738105
14,의문,0.09524183
1,눈,0.084297396
16,시작,0.049884386
