,keyword,cosine_score
17,내연녀,0.44758138
2,카메론,0.43377092
6,아내,0.3990966
0,케이트,0.39292434
11,칼리,0.3865667
16,마크,0.36660224
3,코미디,0.32076782
18,복수,0.25409925
14,킹우,0.2116618
13,디아즈,0.20658898
19,앰버,0.17907517
15,이야기,0.17786998
4,뉴요커,0.16118309
12,것,0.13570641
10,완벽,0.13170238
9,쭉빵,0.11285851
5,여자,0.10779777
7,친구,0.10771021
1,컵,0.07920122
