,keyword,cosine_score
12,사건,0.38260674
7,범인,0.36734876
26,살인,0.34999928
6,희주,0.32656083
1,아빠,0.31210667
17,놈,0.24570629
16,년,0.2287244
5,전,0.22465093
20,희,0.22422874
3,연쇄,0.21887203
28,계획,0.2038503
0,발생,0.19218999
8,주,0.18781264
11,예측,0.16890213
21,일,0.16732863
25,유사,0.15935564
4,국면,0.15909056
24,이유,0.15056445
14,시작,0.14821196
19,세상,0.14540918
9,우리,0.14439961
10,패턴,0.12491389
13,나,0.12227265
2,앞,0.11813098
18,당신,0.077264234
27,추적,0.06582377
15,소녀,0.055232953
23,눈,0.052421983
