,keyword,cosine_score
13,요원,0.5177745
2,스파이,0.5038158
16,프로페셔널,0.4252122
20,액션,0.3961685
17,블록버스터,0.39232075
14,조직,0.33186316
21,청년,0.30858448
12,활약,0.30237547
11,비밀,0.29137197
3,베테랑,0.2763375
1,과정,0.27064645
0,영국,0.2689398
4,세계,0.25948244
9,잠재력,0.2442336
7,모습,0.24222063
15,그,0.21007858
18,극도,0.20190555
5,무대,0.19236678
8,초대,0.19069761
10,훈련,0.18871088
6,첩보,0.1751449
