,keyword,cosine_score
29,조지아,0.5454854
24,연애,0.4173171
18,고집불통,0.3419322
0,여행,0.33255786
5,성격,0.3100096
8,인생,0.30466902
12,고비,0.3043878
20,애운,0.2967036
28,그리스,0.29295638
14,치부,0.27588007
2,관광,0.27552986
13,여행객,0.2725491
17,삶,0.26361865
16,운전기사,0.25829038
19,녹초,0.23975688
25,자신,0.23850423
23,것,0.23113242
27,가이드,0.22562179
3,최대,0.21897364
7,생활,0.21752204
15,버스,0.21552652
10,연,0.21119018
11,고향,0.20980413
26,뭐,0.20116714
9,포르코피,0.19790843
21,줄,0.1964385
22,담,0.195311
6,상대,0.1863808
4,여유,0.17501402
