,keyword,cosine_score
24,우정서약,0.5134127
12,친구,0.47188845
2,우정,0.45373845
17,절친,0.4107607
18,죽음,0.39561275
22,투신자살,0.37248433
11,자살,0.36284748
21,밤,0.3150394
10,공포,0.3117205
20,피,0.28918064
1,학교,0.26207107
19,약속,0.26175022
0,성당,0.23921028
8,그날,0.23207553
13,맹세,0.22830003
4,차례,0.21852675
3,때,0.2110095
14,이후,0.20785268
5,명,0.20106518
16,중,0.19537781
6,영원,0.18732946
15,동반,0.17629276
7,언주,0.17088318
9,인,0.16027892
