,keyword,cosine_score
16,난민촌,0.3252583
17,부모,0.30968267
0,편지,0.3040846
9,케냐,0.30200756
1,수단,0.2672909
4,영화,0.25701907
6,내전,0.25349337
10,아이,0.24725515
13,미국,0.21472135
7,아프리카,0.1903756
5,통,0.18928319
8,정착,0.17246655
15,명,0.171217
3,이야기,0.16926119
11,중,0.13517314
2,년,0.10673784
14,성인,0.10337703
