,keyword,cosine_score
13,아버지,0.5283357
9,덕수,0.41203958
20,황정민,0.35097057
19,시절,0.3465432
26,가족,0.3348497
0,시대,0.31912512
14,년대,0.30347896
5,그때,0.27886865
24,자신,0.26794094
7,격변,0.2526694
16,평생,0.25128338
15,분,0.2283716
11,이후,0.22538868
25,한국,0.22024928
22,그,0.20989484
18,전쟁,0.20808098
4,눈물,0.20030774
23,이야기,0.18890777
3,번,0.17928793
8,적,0.17388315
6,우리,0.16534472
21,것,0.1578838
12,관통,0.14797083
2,지금,0.14161424
10,시작,0.1345398
17,현재,0.10184371
