,keyword,cosine_score
15,엑스맨,0.52585214
22,센티넬,0.38147867
16,전쟁,0.34540045
12,로봇,0.33233604
18,미래,0.31115934
25,위협,0.29094782
20,과학자,0.2656639
3,과거,0.25507557
11,프로페서,0.24296387
7,위기,0.23497376
1,인류,0.23059613
9,천재,0.2291201
0,직면,0.2114602
8,스크,0.21079832
5,니토,0.19624469
14,사상,0.19305804
6,적,0.18482774
19,거대,0.1808053
24,버린,0.16359118
17,구원,0.14420494
13,트,0.14293519
23,최악,0.14023201
10,시작,0.13451903
21,시간,0.13042192
26,라,0.077058464
4,발명,0.06447914
