,keyword,cosine_score
9,범죄자,0.50591195
5,범죄,0.5026034
0,경찰,0.43889156
14,잠입,0.40999687
23,폭탄,0.38034034
13,위험,0.30148375
15,폭발,0.280478
3,맨션,0.28018275
16,구역,0.27327105
20,시간,0.26339245
17,브,0.23670393
21,최악,0.22081214
10,분,0.18466118
4,동행,0.18367359
19,수,0.18075553
11,접근,0.1752586
22,말,0.16965288
12,사상,0.15999913
6,시작,0.15955544
1,앞,0.15454432
7,시한,0.15113842
2,설치,0.15089162
18,군대,0.1505769
