,keyword,cosine_score
1,스파이,0.5750344
16,요원,0.51992095
11,냉전시대,0.47125655
4,본부,0.41300854
7,범죄,0.38548708
23,위협,0.3801223
19,미션,0.37674278
22,연합,0.36624548
17,조직,0.35555315
9,핵,0.3523693
6,팀,0.34447718
15,최정예,0.34387162
8,미스터리,0.32268792
24,국제,0.29312676
5,미국,0.28867084
0,코드네임,0.2869681
2,소련,0.28652003
21,특급,0.27605432
14,활약,0.24935812
10,시작,0.23782517
3,세계,0.23699395
25,폭탄,0.23501246
12,세상,0.21959966
20,그,0.21142454
13,스타일,0.2024785
