,keyword,cosine_score
6,커플,0.3494652
14,친구,0.34134638
2,자유,0.31016564
4,일상,0.2722481
11,안정,0.24131858
5,스캔들,0.22148605
7,선택,0.21679187
0,년,0.20602351
10,후,0.20204091
3,솔로,0.19525965
13,신,0.17928064
8,완벽,0.17842954
12,명,0.17571294
9,세계,0.16876009
