,keyword,cosine_score
8,아내,0.38057005
4,남편,0.37164238
2,상처,0.26510483
3,증오심,0.25445068
22,가족,0.24331534
18,복수,0.21983106
21,불행,0.21610019
5,아들,0.21157454
6,파멸,0.17728932
9,집,0.16763094
7,성기,0.16662714
12,절단,0.15418345
0,치명,0.11688764
11,회복,0.097654946
19,자신,0.09569243
20,외도,0.08048457
23,원인,0.07909459
13,날,0.045939054
15,것,0.04135818
10,결과,0.023478609
1,때문,0.019356787
17,정도,0.013006526
16,수,-0.010791529
