,keyword,cosine_score
11,잭,0.45531133
1,잭팟,0.44446793
0,조,0.40223786
4,동거,0.33784184
17,상대방,0.32999074
5,카메론,0.32033128
2,전전긍긍,0.30188796
10,사고,0.28691632
18,순간,0.2846505
15,기절초풍,0.27107233
13,이,0.2701016
23,작전,0.26908076
21,디아즈,0.26753494
3,낭만,0.2617924
6,당첨,0.25991708
19,하룻밤,0.25735217
20,것,0.23536104
7,돌입,0.22323813
14,달러,0.21347451
9,커처,0.20837459
25,말,0.20277783
22,수습,0.19365785
24,운,0.17276117
12,애,0.17018333
16,원점,0.16083449
