,keyword,cosine_score
12,미어캣,0.54461324
27,모험,0.38298818
13,미어,0.375669
10,아기,0.34708196
20,사막,0.32830876
16,칼라하리,0.31841925
28,가족,0.31290686
14,개월,0.3057372
0,과정,0.2954916
7,어린이,0.2927199
21,생존,0.29160285
11,모습,0.2889673
3,기간,0.2768939
6,가운데,0.2673689
29,천적,0.26342753
15,년,0.26164198
25,환경,0.25970238
19,남짓,0.25512764
18,중심,0.24302313
5,일상,0.24188662
17,자연,0.23986724
1,형,0.2379129
2,지구,0.23740512
4,촬영,0.22945005
9,자기,0.22199929
22,것,0.21918225
26,자신,0.2030775
24,상,0.20192602
23,콜로,0.16918474
