,keyword,cosine_score
19,에드워드,0.44879872
12,벨라,0.44043952
6,제이콥,0.4236892
1,벨라에,0.41586247
11,사건,0.3615666
10,갈등,0.3503502
13,비밀,0.3171274
14,배후,0.27981225
7,벨,0.27150682
9,결심,0.26994884
16,살인,0.26147562
3,연쇄,0.25971726
22,이,0.23254593
17,자신,0.22663203
8,종용,0.2262202
20,의문,0.21134412
21,라,0.18458384
15,선택,0.17420968
0,불멸,0.1668479
5,사랑,0.16665469
4,뱀파이어,0.15571487
2,틀,0.1351854
