,keyword,cosine_score
12,주커버그,0.53197056
17,하버드대,0.3711604
9,빅테크,0.31173345
15,코딩,0.2817816
24,투자금,0.27195224
1,기업,0.2615694
13,가입자수,0.24310035
23,마크,0.24089745
20,크,0.23855543
8,커뮤니티,0.2359817
21,오픈,0.23559609
6,대,0.23116913
25,자산가,0.22340044
26,규모,0.22160321
2,가치,0.19010243
14,년,0.18333678
19,단돈,0.16322356
3,세계,0.16275434
0,첫날,0.15504368
5,명,0.15312468
16,달러,0.14922997
10,서비스,0.14845523
7,최고,0.14576516
4,미국,0.1387162
18,돌파,0.13773574
27,너드,0.13625062
11,학생,0.1280461
