,keyword,cosine_score
2,기억,0.31555182
0,이야기,0.28087258
5,사투,0.23261043
3,시간,0.22528373
4,자신,0.20568147
1,여자,0.09245232
