,keyword,cosine_score
12,성형외과,0.4213515
7,아내,0.38584358
6,최인범,0.3728893
0,그녀,0.34823042
20,복수,0.32835293
14,완벽,0.30564177
2,권위자,0.2954089
4,최고,0.27936575
3,본능,0.27765203
9,김창완,0.274346
1,치명,0.26164335
19,그,0.23262349
16,것,0.21164241
11,날,0.21113637
13,목격,0.21080944
8,시작,0.20110135
18,수,0.20072165
17,주변,0.19869128
22,계획,0.17812847
15,배소은,0.1727621
21,외도,0.1719749
10,순정,0.14234185
