,keyword,cosine_score
2,독신남,0.35047394
14,존스턴,0.285469
25,돈,0.27287006
15,편지,0.26772243
10,친구,0.26282603
21,인연,0.22492048
19,자신,0.2074154
5,아들,0.20350054
12,익명,0.18057057
0,주인,0.14514205
3,거부,0.1200972
7,재회,0.116298005
8,뜻밖,0.10873203
24,살,0.10436042
16,그,0.08554129
11,단서,0.08310545
1,과거,0.08084295
13,여인,0.080740444
20,맺,0.08016654
18,시간,0.06678529
17,최근,0.06259714
23,사실,0.055824667
9,시작,0.038843066
6,여자,0.019610483
22,추적,-0.008894327
