,keyword,cosine_score
22,최악,0.34355298
13,상황,0.335132
19,순간,0.31568325
0,발생,0.3124727
23,존슨,0.3116479
6,드웨인,0.28504276
2,마지막,0.26737508
10,외동딸,0.26245522
16,조종사,0.2601509
11,세상,0.23800774
20,것,0.21352023
8,누구,0.2054169
7,아내,0.2034435
1,구조,0.18439965
14,어디,0.17839777
21,규모,0.17427137
5,속,0.17139235
12,당신,0.16475804
15,단층,0.16346896
9,안드레아스,0.1572339
17,헬기,0.15394737
4,강진,0.15345892
3,새,0.13165338
