,keyword,cosine_score
10,태주,0.42524377
16,영우,0.3679884
0,허준호,0.35018075
18,신현준,0.33753777
7,무기수,0.32550734
17,살인,0.32346708
5,세희,0.29967695
14,간이식,0.27416587
6,목숨,0.26842853
8,친구,0.2292614
4,탈출,0.22591178
2,딸,0.21184781
20,간,0.20518404
11,귀휴,0.18243876
1,요청,0.17540583
13,조직,0.16729107
19,자신,0.16244584
21,시도,0.16123529
9,명령,0.15996647
15,그,0.15446202
12,일,0.1542519
