,keyword,cosine_score
5,실화,0.45248693
7,엘베,0.34232935
0,센세이션,0.3420946
6,영화,0.31972653
3,화,0.19185641
4,자신,0.18006024
1,여자,0.097448096
