,keyword,cosine_score
4,딸,0.34365547
2,영화,0.30096588
18,비행기,0.28981686
13,항공,0.26528955
6,남편,0.26441807
22,조디,0.25551412
0,그녀,0.24308643
12,상공,0.23129344
11,포스터,0.22906199
17,뉴욕,0.21768081
19,장례식,0.20750117
20,사투,0.20416167
8,프랫,0.20197278
3,스릴,0.20156983
16,카일,0.19515991
14,중,0.18410203
7,러,0.16385391
9,피트,0.13930178
1,역,0.13583647
5,배경,0.12769914
15,베를린,0.09564085
21,엔지니어,0.09266381
