,keyword,cosine_score
12,우진,0.3963648
7,초밥,0.36754906
20,자신,0.35333306
1,마음,0.34964633
3,밥,0.30941457
13,남자,0.29698783
4,고백,0.288153
18,그,0.286916
9,오늘,0.2845514
21,스테이크,0.25634995
15,이,0.2562987
11,그쪽,0.2522881
8,모습,0.24872331
19,사람,0.24860454
17,연습,0.24528317
22,처음,0.23821688
16,비밀,0.22864029
14,사,0.21814193
6,여자,0.2033862
10,외국인,0.19910076
0,그녀,0.16593675
5,노인,0.15078548
2,아이,0.13773805
