,keyword,cosine_score
0,악당,0.54540515
9,놈,0.38856506
8,위험천만,0.3734985
4,지누,0.3544578
6,일당,0.34678066
10,돈가방,0.32791144
12,세상,0.29690355
5,나미우,0.2710078
1,척,0.2617359
13,상황,0.25797182
11,질주,0.23828273
19,이,0.2206441
17,그,0.21590337
7,시작,0.20215687
14,일,0.19905695
2,발견,0.16293833
3,앞,0.13024709
15,나미,0.110594876
16,사람,0.10909275
