,keyword,cosine_score
1,팀,0.5557521
2,대결,0.4756342
0,축구,0.43458423
5,한판,0.41693366
3,최강,0.3912571
