,keyword,cosine_score
5,니나,0.5285585
18,백조,0.41880286
11,발레리,0.37910593
10,망상,0.3232702
16,관능,0.2803887
24,나탈리,0.27440286
8,흑조,0.27032113
19,주연,0.25995076
6,발탁,0.25048283
7,뉴욕시립발,0.24688709
22,공연,0.24686302
21,자신,0.21664411
3,몸,0.19881812
1,사악,0.19290146
4,순수,0.18438755
0,때문,0.15220001
12,완벽,0.14298591
9,포트먼,0.14041935
20,단,0.13540864
23,부족,0.12317103
13,강박,0.12272653
2,이미지,0.12036195
15,이야기,0.120352045
17,레,0.1064773
25,호수,0.089796424
