,keyword,cosine_score
8,이모,0.42820567
3,폴,0.39513335
26,부모,0.28135103
12,추억,0.22877271
4,마담,0.21941277
13,마들렌,0.21177399
23,피아니스트,0.19250455
16,피아노,0.19001213
17,이웃,0.18668257
11,집,0.16886668
21,교습소,0.16868258
5,과거,0.15328814
10,차,0.13540019
0,프루스트,0.13434084
6,상처,0.12383418
1,그녀,0.109555766
20,방문,0.10641633
14,연주,0.10400662
24,살,0.09338094
18,댄스,0.08630409
9,적,0.071679406
19,것,0.069348365
25,말,0.06152542
15,날,0.03404963
2,세계,0.01164563
22,전부,-0.008331321
