,keyword,cosine_score
15,전설,0.31025
0,그녀,0.30853963
7,미스터리,0.2925301
23,어둠,0.26367193
6,사일런트,0.25888526
16,비밀,0.25815973
8,화재,0.25181198
25,그곳,0.25098342
4,딸,0.24597788
20,뒷모습,0.22456816
3,들,0.1985538
22,거대,0.19681719
9,공간,0.18999127
26,잿빛,0.1898072
18,저주,0.1825479
1,속,0.17899592
14,년,0.17726576
5,그때,0.17467141
12,힐,0.1743654
19,크리,0.14902598
11,안개,0.14864534
21,것,0.1471797
2,전,0.1367892
13,관계,0.1292231
10,사이렌,0.08963494
17,로즈,0.08803969
