,keyword,cosine_score
11,마법사,0.48729694
17,소피,0.46037066
12,마법,0.3916579
22,성,0.36656493
4,성문,0.32362443
27,할머니,0.29511565
19,저주,0.2904156
14,울,0.28811756
6,캘,0.24570504
20,순간,0.22351167
29,그곳,0.22346082
5,속,0.22234187
8,채,0.21558337
26,거대,0.2152139
23,시,0.21449932
28,자신,0.20607515
3,절망,0.19898222
25,영문,0.19522154
1,움,0.19360119
2,길,0.19188231
7,하,0.19151743
0,불꽃악마,0.17611127
15,퍼,0.1695838
21,청소부,0.16799714
24,제안,0.1517829
18,꽃미남,0.14339265
9,계약,0.143327
10,마녀,0.13838196
13,소녀,0.13661264
