,keyword,cosine_score
15,살인마,0.50569457
19,살인,0.40121543
16,마동,0.32084638
10,친구,0.2970007
6,아들,0.28127414
5,주협,0.2168618
2,본능,0.18500856
0,존재,0.17804182
11,유일,0.16948625
18,정체,0.16833287
4,특별,0.16560137
20,자신,0.16426502
8,결심,0.16090998
17,그,0.15786867
1,연쇄,0.15380928
21,처리,0.15187484
13,협,0.13327157
14,석,0.1294673
9,결국,0.128547
3,주,0.122023374
7,시골,0.06603559
12,소녀,0.06421757
