,keyword,cosine_score
18,죽음,0.40940684
10,샘,0.4031387
6,사고,0.3961419
13,생명,0.38310996
16,운명,0.34882277
28,혼란,0.33781135
2,붕괴,0.30866802
17,동료,0.28736866
22,그,0.27226177
23,수,0.2686928
0,속,0.2666881
8,타인,0.26291466
29,이,0.25958183
3,재현,0.24257813
5,최대한,0.23599455
9,박,0.2348905
11,버스,0.23345488
26,싸움,0.2327727
20,사람,0.22997996
24,다리,0.22986391
7,시작,0.22860964
1,거짓말,0.22328782
14,일,0.22279163
4,이용,0.21258882
27,자신,0.21156204
25,규칙,0.2053678
19,워크숍,0.18958619
21,안,0.18478617
12,사신,0.18071803
