,keyword,cosine_score
3,뇌사,0.4241987
24,엄마,0.4234559
25,심장병,0.3842709
6,심장,0.37960112
7,딸,0.3697514
21,사력,0.34891778
10,연희,0.30558538
14,치,0.3036719
9,이식,0.28465527
19,위험,0.2789411
4,김윤진,0.27762073
16,여성,0.2706666
5,박해일,0.2678516
23,사람,0.2554711
11,양,0.2543983
13,병원,0.2510666
0,손,0.24581237
22,중년,0.24234179
2,상태,0.24084014
1,진짜,0.23029108
12,아,0.22167444
20,이유,0.21630296
18,거액,0.19060174
17,당신,0.18150975
15,휘도,0.17529391
