,keyword,cosine_score
2,유괴살인사,0.4569535
0,아빠,0.41003263
8,범인,0.39210463
7,충격,0.3123295
17,잔인,0.2899722
4,과거,0.27736422
18,진,0.27126566
24,자신,0.26901743
21,그,0.24832271
15,년,0.24596512
1,존재,0.23343825
6,전,0.2328274
25,혼란,0.22266057
13,대한민국,0.2129992
10,군,0.2113761
16,세상,0.20154268
19,평생,0.19808881
9,목소리,0.18787228
3,의심,0.18762437
20,것,0.18124695
5,실제,0.15446939
12,시작,0.15141287
11,한채,0.12946737
22,공소,0.097322844
23,추적,0.096294604
