,keyword,cosine_score
10,사건,0.33268064
20,사살,0.31985083
4,유혈,0.3111527
7,영국군,0.30975896
11,갈등,0.30566862
15,북아일랜드,0.28795815
22,충돌,0.25777996
3,분노,0.24547014
2,일랜드인,0.2329528
0,차별,0.22338197
26,시위,0.20868993
23,블러디,0.18392026
24,월,0.17883825
1,발생,0.17741545
27,극단,0.17172015
5,명,0.14569712
14,년,0.14444616
19,전환점,0.14120427
13,무장,0.10146608
25,포,0.097441524
18,후,0.09423265
17,발,0.09269958
12,요구,0.087437525
21,시민,0.08718318
16,일,0.08202982
8,선데이,0.060788505
6,테리,0.053824916
