,keyword,cosine_score
25,리사,0.45085627
0,그녀,0.37522024
3,기억,0.29198205
23,타이밍,0.2659182
21,운명,0.25947118
5,거리,0.24713936
11,흔적,0.23565045
13,나,0.2017554
16,기적,0.19162577
8,때,0.18537095
17,년,0.18472832
9,우리,0.16789086
1,내,0.16723663
7,전,0.16175349
19,리,0.16166213
10,혼자,0.15664576
18,사,0.14945185
4,동안,0.14326167
22,이유,0.1409669
14,시작,0.1269879
6,사랑,0.124365844
2,앞,0.116731904
24,계속,0.115648195
12,여자,0.11350979
20,당신,0.11125805
