,keyword,cosine_score
22,주연배우,0.5683857
15,배우,0.55320096
20,주연,0.4883237
14,연기력,0.47276312
6,단역,0.45072645
3,영화,0.43535608
11,뒷이야기,0.40363073
1,탄생,0.3514593
18,상,0.3104118
19,등극,0.30433157
13,인기,0.29947415
5,추락,0.2859162
12,폭발,0.28364462
4,인생,0.27349183
2,충격,0.26974472
10,밑바닥,0.26489595
16,수,0.21896929
0,한편,0.21239647
7,공개,0.20477629
17,사람,0.16835707
8,조연,0.12233944
21,신인,0.11896184
