,keyword,cosine_score
5,비행기,0.49823275
7,애니메이션,0.45285463
8,레이서,0.43975234
14,꿈,0.40184268
0,대회,0.401007
13,역경,0.38092867
1,우승,0.37104458
10,이싱,0.3465419
12,영화,0.346072
4,차지,0.27706847
9,농약,0.2303226
3,시골,0.22758748
11,살포,0.22612227
2,레,0.17502797
