,keyword,cosine_score
3,남편,0.4594221
12,가출,0.4238986
8,모험담,0.41925937
6,집,0.38450012
1,성희,0.3837014
9,처남,0.38165855
13,좌충우돌,0.3584243
16,동민,0.35840863
5,양익준,0.34008265
15,이야기,0.30859295
2,얼떨결,0.30647928
11,유곽,0.29139537
10,남자,0.2772825
18,지진희,0.2504598
17,이문식,0.24495074
4,후배,0.23604363
14,그,0.23305535
0,부인,0.1789036
