,keyword,cosine_score
0,멸종,0.38021716
2,인류,0.35124385
20,종족,0.35106426
13,유인원,0.31104845
22,생존,0.3088773
21,전쟁,0.2977119
7,바이러스,0.27362758
8,시저,0.25324813
11,위기,0.2333476
3,진화,0.22424933
18,상황,0.20683539
10,고통,0.19555771
26,가족,0.16761148
16,년,0.16432536
17,삶,0.16218057
25,터전,0.15720612
1,존재,0.15530881
12,평화,0.15410927
5,치명,0.15142149
9,서로,0.12658197
15,극소수,0.12031238
23,수,0.11537176
4,인간,0.101835236
6,속,0.09808012
14,시작,0.08951694
19,후,0.06510399
