,keyword,cosine_score
24,사투,0.33862734
14,지옥,0.31513655
26,위협,0.30055803
4,공격,0.262168
1,식인,0.25234896
0,여행,0.24817799
17,순간,0.23626542
12,시시각각,0.23535386
25,떼,0.22934532
7,스,0.2177655
11,친구,0.21681356
5,최고,0.21545477
13,생명,0.20961992
8,한때,0.20359643
9,상어,0.20141852
6,꿈,0.1963308
20,그,0.18803573
18,크,0.17775284
28,지상,0.17574257
10,시작,0.171403
15,사라,0.16416514
27,호수,0.14920312
21,수,0.1447488
3,낙원,0.13652328
23,별장,0.13644709
19,방학,0.1363413
22,정체,0.12357391
2,자비,0.0923699
