,keyword,cosine_score
7,해전,0.43057477
8,전투,0.4164501
0,페르시아,0.38944295
11,블록버스터,0.3390584
1,르테지움,0.27444938
2,해군,0.25982398
3,액션,0.24718657
5,역사,0.2166636
14,그리스,0.21412277
17,대,0.21194819
6,전설,0.19511704
16,라,0.19130428
4,기록,0.16005984
15,살,0.14279823
10,규모,0.14226034
13,아,0.09685584
9,미스,0.08989983
