,keyword,cosine_score
1,저항군,0.48459077
7,포스,0.4734888
2,우주,0.38275424
11,파일럿,0.33606717
6,힘,0.33191788
10,포,0.3167892
4,전설,0.2874325
0,정의,0.27161145
12,이,0.25860274
9,기운,0.22273442
5,핀,0.21786866
13,최고,0.20143881
3,레,0.19762181
