,keyword,cosine_score
11,남자,0.43183464
0,형,0.400743
18,나이,0.29643044
7,조카,0.28768894
13,목사,0.2608713
20,돈,0.22409022
17,일생,0.21601585
5,때,0.21297036
12,인정,0.19506684
3,막무가내,0.1838581
14,평생,0.17509313
19,사정,0.17328009
2,뿐,0.16841766
9,아직,0.16502243
10,집,0.14159557
4,사랑,0.13036127
6,번,0.11958635
1,대책,0.09894444
8,여자,0.08451856
16,눈,0.08333163
