,keyword,cosine_score
15,도전자,0.39456892
23,홍콩,0.3449751
12,제자,0.33767173
14,영춘권,0.32579544
5,엽문,0.32560053
11,도전,0.30667615
0,폭력,0.26295742
3,견자단,0.2615882
22,최고수,0.26038328
17,중국,0.24729529
8,결심,0.19289929
7,예인,0.17661041
21,소극,0.17639264
20,수,0.15026763
10,시작,0.14950815
2,자비,0.13359794
19,것,0.13285068
24,이,0.13223693
16,불산,0.1254202
4,최고,0.12486644
6,양,0.12236196
1,속,0.10718094
9,생각,0.100474566
13,예,0.099631466
