,keyword,cosine_score
23,모험,0.42236292
16,남미,0.36943215
8,꿈,0.36879158
19,남아메리카,0.3482623
6,불청객,0.34169793
11,할아버지,0.33725595
12,황야,0.32267064
4,희망,0.30142963
21,그,0.29210904
9,탐험가,0.2890926
18,평생,0.2752223
13,초대,0.27377915
14,러셀,0.27239603
3,세계,0.27007782
7,대,0.2536149
2,커플,0.24910004
15,집,0.2310276
1,칼,0.21615025
0,지구,0.20402741
22,수,0.19447589
17,통째,0.18849204
20,풍선,0.1770371
10,행복,0.17662795
