,keyword,cosine_score
5,그녀,0.3816645
0,왕비,0.3622671
2,그레이스,0.31363776
7,할리우드,0.31001607
3,세기,0.2993994
6,여신,0.2785267
9,생애,0.2660508
1,인생,0.23477234
14,운명,0.23429
15,순간,0.21760781
8,이상,0.12308104
4,것,0.09088679
10,켈리,0.03216737
12,모나코,0.031514157
11,여배우,0.031234903
