,keyword,cosine_score
8,살인,0.42706758
13,사건,0.3727846
1,세령호,0.30435926
9,복수,0.30367392
7,우발,0.27361265
2,실수,0.26392928
6,이야기,0.23597042
16,남자,0.2179455
17,순간,0.2098602
11,전,0.20827463
3,그,0.1830774
12,후,0.18024012
14,진실,0.17922658
5,년,0.16582021
0,것,0.121257365
10,현수,0.11484318
15,계획,0.08965281
