,keyword,cosine_score
20,우주,0.38951018
17,전쟁,0.36682212
1,지구,0.32776693
4,세계,0.28604174
12,최후,0.27467412
0,외계,0.26769295
3,인류,0.25814575
5,재건,0.21623673
15,대비,0.19616514
7,전,0.19391562
13,시작,0.15191194
14,년,0.15117446
10,초월,0.14923212
16,상상,0.13621606
9,공격,0.1313068
19,최악,0.12772697
6,침공,0.1273648
18,그,0.10893812
11,그날,0.09871622
8,번,0.07704547
