,keyword,cosine_score
7,딸,0.37955496
17,목사,0.31230378
26,주영수,0.28877735
15,혜린,0.26590616
12,주영,0.25818703
19,유괴,0.24959975
27,김명민,0.24071029
10,사건,0.22583286
20,믿음,0.21876687
3,세월,0.20636302
28,가족,0.1767478
8,전화,0.17233887
24,수,0.17141421
4,번,0.16819498
9,기도,0.1637056
21,신,0.16169903
5,기회,0.15495265
16,년,0.14686304
6,주,0.14671975
2,마음,0.1284728
29,살,0.12473705
0,필사,0.112562925
23,그,0.11004865
25,통,0.10661297
11,결국,0.105602086
18,후,0.104690656
1,발생,0.09794912
22,줄,0.058216408
14,시작,0.042423688
