,keyword,cosine_score
21,배트맨,0.53251314
3,슈퍼맨,0.47407547
9,조드,0.262899
17,메트로폴리스,0.25917104
5,세계,0.23515135
28,슈퍼,0.22029427
8,파괴,0.20026892
19,장군,0.18311903
15,논쟁,0.16888309
13,대결,0.16709548
1,무모,0.15343182
26,전투,0.14451104
0,존재,0.13695803
16,힘,0.13325992
14,이후,0.11448692
11,사회,0.110368215
10,생각,0.10458429
20,위험,0.10210637
22,이유,0.0991656
27,인물,0.09637273
25,미래,0.09256652
23,것,0.07958676
7,최고,0.059179775
12,자,0.055475637
18,일,0.04773594
24,수,0.04252071
4,동안,0.012496775
6,제어,-0.0046313214
