,keyword,cosine_score
10,셀린느,0.43462443
7,재회,0.41873595
8,시작,0.25983125
6,우리,0.25457826
9,화해,0.2542317
15,파리,0.23877251
16,시리즈,0.22820093
23,기차,0.22770691
19,이야기,0.22419629
12,날,0.22301292
14,비포,0.22251281
21,그리스,0.21987393
4,전,0.21191058
11,년,0.19795835
5,밀리,0.19710997
1,마지막,0.19552478
18,그,0.1845289
22,제시,0.17686757
13,해변,0.165059
3,사랑,0.15621662
2,비엔,0.12544936
17,사람,0.10884371
20,마을,0.096011326
