,keyword,cosine_score
26,엘리베이터,0.5107199
5,빌딩,0.35030904
1,일상,0.3218931
24,정체,0.2743647
8,모두,0.27139643
10,불러,0.25182933
7,시작,0.25145566
17,순간,0.24926595
6,누구,0.23556593
23,시간,0.23362224
13,상황,0.23355976
3,우연,0.22801057
14,중,0.2265537
12,무엇,0.22564292
19,것,0.22413322
18,이유,0.21700668
25,사실,0.21638934
11,복판,0.21602856
4,우리,0.21392334
27,이,0.20619857
0,존재,0.2036849
20,사람,0.19387716
21,그,0.16854449
2,필라델피아,0.15985903
16,고층,0.15890187
9,관계,0.15409556
22,안,0.15211731
