,keyword,cosine_score
6,베레가몬,0.42907205
20,풍뎅이,0.40315872
17,동물,0.36043465
1,곤충씨름,0.35740927
2,몽,0.33773792
0,멸종,0.31467676
22,자이언트,0.30461368
27,샤먼,0.29739922
3,도,0.28831685
15,섬,0.27916843
8,상인,0.27056265
5,모아,0.25775012
19,진,0.23872985
24,드,0.23635934
9,악덕,0.23070803
10,구,0.21949275
21,장수,0.21584953
7,고대,0.21051672
13,기적,0.20906925
18,음모,0.194255
16,라에,0.17390265
14,년,0.16905648
23,수,0.13853325
25,에,0.13001782
26,정체,0.12798928
12,친구,0.12634268
4,파워,0.09881456
28,라,0.09167976
