,keyword,cosine_score
21,다이애,0.41146958
26,왕세자비,0.37901014
1,그녀,0.35039735
19,외로움,0.24866344
18,세상,0.23345448
23,세간,0.21662909
0,영국,0.21575394
7,가족사,0.20701188
9,고통,0.20121801
24,자신,0.19642232
2,관심,0.18528482
4,명,0.18231049
5,하스낫,0.17143784
11,모습,0.16672303
15,칸,0.15665181
20,외과의사,0.14425716
12,누구,0.13560407
28,이,0.1308727
6,언론,0.1297889
25,감당,0.12656997
17,날,0.12496003
27,거부,0.11968924
22,사람,0.108134836
13,시작,0.10226357
8,뒤,0.08728254
16,인구,0.08495115
3,사랑,0.084873185
10,여자,0.08314793
