,keyword,cosine_score
20,둥둥이,0.43286628
17,출동,0.3893172
21,놀이,0.35006517
10,구조대,0.34263054
22,곰,0.32952613
14,기지,0.3128578
0,악당,0.28575605
8,실종,0.28447735
1,외계,0.26783025
2,족,0.24363479
5,주민,0.21026754
26,카로안,0.20895387
16,비밀,0.19196048
3,전,0.18693817
4,카,0.18634549
6,로안,0.18263203
25,완료,0.18216152
15,친구,0.14719814
24,준비,0.14407876
12,허리버리,0.12935695
9,빵,0.12304841
7,평화,0.11653257
19,그,0.11235979
23,마을,0.09506562
18,공원,0.09495214
13,타운,0.094686255
