,keyword,cosine_score
11,실종,0.3380373
16,맨홀,0.31143904
13,홀,0.26523095
26,머리카락,0.22525601
8,흔적,0.2117106
0,서울,0.206957
6,동네,0.19511718
1,발견,0.18756229
17,어디,0.18381247
3,뚜껑,0.17610198
5,실마리,0.17075133
24,안,0.16353282
9,핏자국,0.16246
7,명,0.15942454
15,민,0.15895778
14,개월,0.15592332
4,일상,0.14991808
12,누구,0.1496137
27,위협,0.14786856
19,중,0.13802695
22,그,0.1031286
23,수,0.103045106
25,간,0.09767995
21,사람,0.08786416
18,일,0.07437499
2,주인,0.07300115
20,불안,0.055107843
